,Date,Hour,Power
0,2019-10-29,0,0.0
1,,1,0.0
2,,2,0.0
3,,3,0.0
4,,4,0.0
5,,5,0.0
0,,7,60.33333333333334
1,,8,186.4166666666667
2,,9,660.3333333333334
3,,10,609.6
4,,11,1079.583333333333
5,,12,1036.666666666667
6,,13,1004.454545454545
7,,14,726.75
8,,15,589.0833333333334
9,,16,104.6666666666667
10,,17,0.0
11,,18,0.0
12,,19,0.0
13,,20,0.0
14,,21,0.0
15,,22,0.0
16,,23,0.0
17,2019-10-30,7,166.875
0,,0,0.0
1,,1,0.0
2,,2,0.0
3,,3,0.0
4,,4,0.0
5,,5,0.0
18,,8,830.0833333333334
19,,9,1861.083333333333
20,,10,1377.909090909091
21,,11,1007.666666666667
22,,12,983.25
23,,13,1404.25
24,,14,990.0833333333334
25,,15,984.0
26,,16,110.4166666666667
27,,17,0.0
28,,18,0.0
29,,19,0.0
30,,20,0.0
31,,21,0.0
32,,22,0.0
33,,23,0.0
34,2019-10-31,7,240.1111111111111
35,,8,957.3333333333334
0,,0,0.0
1,,1,0.0
2,,2,0.0
3,,3,0.0
4,,4,0.0
5,,5,0.0
36,,9,1729.75
37,,10,2588.333333333333
38,,11,2631.916666666667
39,,12,3586.25
40,,13,2504.25
41,,14,2098.25
42,,15,825.9166666666666
43,,16,102.5
44,,17,0.0
45,,18,0.0
46,,19,0.0
47,,20,0.0
48,,21,0.0
49,,22,0.0
50,,23,0.0
51,2019-11-01,7,124.875
52,,8,650.1666666666666
53,,9,1407.833333333333
0,,0,0.0
1,,1,0.0
2,,2,0.0
3,,3,0.0
4,,4,0.0
5,,5,0.0
54,,10,1698.545454545455
55,,11,1975.083333333333
56,,12,1677.916666666667
57,,13,1407.75
58,,14,1514.25
59,,15,794.1666666666666
60,,16,57.66666666666666
61,,17,0.0
62,,18,0.0
63,,19,0.0
64,,20,0.0
65,,21,0.0
66,,22,0.0
67,,23,0.0
68,2019-11-02,7,152.8333333333333
69,,8,345.5
70,,9,748.1111111111111
71,,10,1241.625
0,,0,0.0
1,,1,0.0
2,,2,0.0
3,,3,0.0
4,,4,0.0
5,,5,0.0
72,,11,1499.4
73,,12,3547.0
74,,13,5437.285714285715
75,,14,6368.777777777777
76,,15,1574.125
77,,16,257.5
78,,17,0.0
79,,18,0.0
80,,19,0.0
81,,20,0.0
82,,21,0.0
83,,22,0.0
84,,23,0.0
85,2019-11-03,7,273.25
86,,8,1242.083333333333
87,,9,851.25
88,,10,1138.75
89,,11,1702.166666666667
0,,0,0.0
1,,1,0.0
2,,2,0.0
3,,3,0.0
4,,4,0.0
5,,5,0.0
90,,12,2524.083333333333
91,,13,1377.5
92,,14,829.5454545454545
93,,15,457.4166666666667
94,,16,81.66666666666667
95,,17,0.0
96,,18,0.0
97,,19,0.0
98,,20,0.0
99,,21,0.0
100,,22,0.0
101,,23,0.0
102,2019-11-04,7,169.4444444444445
103,,8,509.3333333333333
104,,9,1542.833333333333
105,,10,5984.916666666667
106,,11,4309.0
107,,12,6745.083333333333
0,,0,0.0
1,,1,0.0
2,,2,0.0
3,,3,0.0
4,,4,0.0
5,,5,0.0
108,,13,4508.666666666667
109,,14,913.3636363636364
110,,15,342.4166666666667
111,,16,36.08333333333334
112,,17,0.0
113,,18,0.0
114,,19,0.0
115,,20,0.0
116,,21,0.0
117,,22,0.0
118,,23,0.0
119,2019-11-05,7,32.0
120,,8,224.4545454545455
121,,9,545.5833333333334
122,,10,901.3333333333334
123,,11,917.4166666666666
124,,12,862.25
125,,13,940.9166666666666
0,,0,0.0
1,,1,0.0
2,,2,0.0
3,,3,0.0
4,,4,0.0
5,,5,0.0
126,,14,1048.818181818182
127,,15,1236.333333333333
128,,16,190.1
129,,17,0.0
130,,18,0.0
131,,19,0.0
132,,20,0.0
133,,21,0.0
134,,22,0.0
135,,23,0.0
136,2019-11-06,7,94.14285714285714
137,,8,731.5833333333334
138,,9,1644.083333333333
139,,10,1975.5
140,,11,3078.416666666667
141,,12,3120.416666666667
142,,13,1147.916666666667
143,,14,2902.636363636364
0,,0,0.0
1,,1,0.0
2,,2,0.0
3,,3,0.0
4,,4,0.0
5,,5,0.0
144,,15,1061.666666666667
145,,16,63.54545454545455
146,,17,0.0
147,,18,0.0
148,,19,0.0
149,,20,0.0
150,,21,0.0
151,,22,0.0
152,,23,0.0
153,2019-11-07,7,188.6666666666667
154,,8,584.8333333333334
155,,9,1639.416666666667
156,,10,6035.454545454545
157,,11,8227.416666666666
158,,12,6937.083333333333
159,,13,6811.0
160,,14,3222.454545454545
161,,15,1401.583333333333
0,,0,0.0
1,,1,0.0
2,,2,0.0
3,,3,0.0
4,,4,0.0
5,,5,0.0
162,,16,127.1666666666667
163,,17,0.0
164,,18,0.0
165,,19,0.0
166,,20,0.0
167,,21,0.0
168,,22,0.0
169,,23,0.0
170,2019-11-08,7,53.0
171,,8,277.5
172,,9,332.3333333333333
173,,10,182.0833333333333
174,,11,272.5
175,,12,1710.583333333333
176,,13,998.3333333333334
177,,14,423.5454545454546
178,,15,220.5833333333333
179,,16,12.75
0,,0,0.0
1,,1,0.0
2,,2,0.0
3,,3,0.0
4,,4,0.0
5,,5,0.0
180,,17,0.0
181,,18,0.0
182,,19,0.0
183,,20,0.0
184,,21,0.0
185,,22,0.0
186,,23,0.0
187,2019-11-09,8,118.4
188,,9,724.75
189,,10,1413.25
190,,11,1900.909090909091
191,,12,1856.666666666667
192,,13,2415.5
193,,14,3522.4
194,,15,1008.166666666667
195,,16,101.8333333333333
196,,17,0.0
197,,18,0.0
0,,0,0.0
1,,1,0.0
2,,2,0.0
3,,3,0.0
4,,4,0.0
5,,5,0.0
198,,19,0.0
199,,20,0.0
200,,21,0.0
201,,22,0.0
202,,23,0.0
203,2019-11-10,7,168.1666666666667
204,,8,570.5
205,,9,1004.833333333333
206,,10,1186.916666666667
207,,11,1137.25
208,,12,1217.166666666667
209,,13,1297.083333333333
210,,14,668.6666666666666
211,,15,364.4166666666667
212,,16,31.91666666666667
213,,17,0.0
214,,18,0.0
215,,19,0.0
0,,0,0.0
1,,1,0.0
2,,2,0.0
3,,3,0.0
4,,4,0.0
5,,5,0.0
216,,20,0.0
217,,21,0.0
218,,22,0.0
219,,23,0.0
220,2019-11-11,7,73.0
221,,8,230.1666666666667
222,,9,558.25
223,,10,812.4545454545455
224,,11,1036.25
225,,12,1615.583333333333
226,,13,1583.666666666667
227,,14,1288.333333333333
228,,15,232.75
229,,16,32.83333333333334
230,,17,0.0
231,,18,0.0
232,,19,0.0
233,,20,0.0
0,,0,0.0
1,,1,0.0
2,,2,0.0
3,,3,0.0
4,,4,0.0
5,,5,0.0
234,,21,0.0
235,,22,0.0
236,,23,0.0
237,2019-11-12,7,78.66666666666667
238,,8,277.25
239,,9,902.8333333333334
240,,10,752.5
241,,11,1172.083333333333
242,,12,833.8333333333334
243,,13,738.3333333333334
244,,14,850.4545454545455
245,,15,435.75
246,,16,11.91666666666667
247,,17,0.0
248,,18,0.0
249,,19,0.0
250,,20,0.0
251,,21,0.0
0,,0,0.0
1,,1,0.0
2,,2,0.0
3,,3,0.0
4,,4,0.0
5,,5,0.0
252,,22,0.0
253,,23,0.0
254,2019-11-13,7,95.0
255,,8,303.5833333333333
256,,9,588.0
257,,10,766.0909090909091
258,,11,715.9166666666666
259,,12,1420.666666666667
260,,13,1151.416666666667
261,,14,1119.833333333333
262,,15,308.75
263,,16,23.33333333333333
264,,17,0.0
265,,18,0.0
266,,19,0.0
267,,20,0.0
268,,21,0.0
269,,22,0.0
0,,0,0.0
1,,1,0.0
2,,2,0.0
3,,3,0.0
4,,4,0.0
5,,5,0.0
270,,23,0.0
271,2019-11-14,7,165.6666666666667
272,,8,965.25
273,,9,2819.416666666667
274,,10,4597.272727272727
275,,11,6250.083333333333
276,,12,8358.666666666666
277,,13,8431.75
278,,14,5671.666666666667
279,,15,1088.5
280,,16,52.83333333333334
281,,17,0.0
282,,18,0.0
283,,19,0.0
284,,20,0.0
285,,21,0.0
286,,22,0.0
287,,23,0.0
0,2019-11-15,0,0.0
1,,1,0.0
2,,2,0.0
3,,3,0.0
4,,4,0.0
5,,5,0.0
288,,7,115.2
289,,8,665.75
290,,9,1471.333333333333
291,,10,1883.181818181818
292,,11,2151.166666666667
293,,12,1467.75
294,,13,4746.083333333333
295,,14,3539.25
296,,15,505.5
297,,16,44.66666666666666
298,,17,0.0
299,,18,0.0
300,,19,0.0
301,,20,0.0
302,,21,0.0
303,,22,0.0
304,,23,0.0
305,2019-11-16,7,222.8
0,,0,0.0
1,,1,0.0
2,,2,0.0
3,,3,0.0
4,,4,0.0
5,,5,0.0
306,,8,373.9166666666667
307,,9,529.6363636363636
308,,10,723.6363636363636
309,,11,608.5833333333334
310,,12,657.0
311,,13,574.0833333333334
312,,14,332.6666666666667
313,,15,161.8333333333333
314,,16,9.583333333333334
315,,17,0.0
316,,18,0.0
317,,19,0.0
318,,20,0.0
319,,21,0.0
320,,22,0.0
321,,23,0.0
322,2019-11-17,8,203.9166666666667
323,,9,611.75
0,,0,0.0
1,,1,0.0
2,,2,0.0
3,,3,0.0
4,,4,0.0
5,,5,0.0
324,,10,567.1818181818181
325,,11,1432.583333333333
326,,12,2939.833333333333
327,,13,3353.916666666667
328,,14,1656.0
329,,15,474.5
330,,16,82.75
331,,17,0.0
332,,18,0.0
333,,19,0.0
334,,20,0.0
335,,21,0.0
336,,22,0.0
337,,23,0.0
338,2019-11-18,7,156.75
339,,8,742.6363636363636
340,,9,2022.9
341,,10,5321.181818181818
0,,0,0.0
1,,1,0.0
2,,2,0.0
3,,3,0.0
4,,4,0.0
5,,5,0.0
342,,11,7810.125
343,,12,8261.583333333334
344,,13,7357.25
345,,14,5915.25
346,,15,1434.666666666667
347,,16,63.33333333333334
348,,17,0.0
349,,18,0.0
350,,19,0.0
351,,20,0.0
352,,21,0.0
353,,22,0.0
354,,23,0.0
355,2019-11-19,7,174.0
356,,8,352.8333333333333
357,,9,1330.333333333333
358,,10,4618.818181818182
359,,11,5899.75
0,,0,0.0
1,,1,0.0
2,,2,0.0
3,,3,0.0
4,,4,0.0
5,,5,0.0
360,,12,3278.75
361,,13,2482.666666666667
362,,14,2002.5
363,,15,1134.333333333333
364,,16,68.83333333333333
365,,17,0.0
366,,18,0.0
367,,19,0.0
368,,20,0.0
369,,21,0.0
370,,22,0.0
371,,23,0.0
372,2019-11-20,7,85.0
373,,8,484.25
374,,9,799.1666666666666
375,,10,863.9090909090909
376,,11,946.75
377,,12,1567.166666666667
0,,0,0.0
1,,1,0.0
2,,2,0.0
3,,3,0.0
4,,4,0.0
5,,5,0.0
378,,13,856.75
379,,14,581.8333333333334
380,,15,194.8333333333333
381,,16,21.08333333333333
382,,17,0.0
383,,18,0.0
384,,19,0.0
385,,20,0.0
386,,21,0.0
387,,22,0.0
388,,23,0.0
389,2019-11-21,8,112.1666666666667
390,,9,267.0
391,,10,548.8181818181819
392,,11,813.8333333333334
393,,12,1462.583333333333
394,,13,677.5
395,,14,409.4166666666667
0,,0,0.0
1,,1,0.0
2,,2,0.0
3,,3,0.0
4,,4,0.0
5,,5,0.0
396,,15,110.9166666666667
397,,16,0.0
398,,17,0.0
399,,18,0.0
400,,19,0.0
401,,20,0.0
402,,21,0.0
403,,22,0.0
404,,23,0.0
405,2019-11-22,8,193.0
406,,9,561.1666666666666
407,,10,948.9090909090909
408,,11,1194.833333333333
409,,12,1134.5
410,,13,818.0
411,,14,528.8333333333334
412,,15,218.0
413,,16,11.58333333333333
0,,0,0.0
1,,1,0.0
2,,2,0.0
3,,3,0.0
4,,4,0.0
5,,5,0.0
414,,17,0.0
415,,18,0.0
416,,19,0.0
417,,20,0.0
418,,21,0.0
419,,22,0.0
420,,23,0.0
421,2019-11-23,7,95.5
422,,8,621.4166666666666
423,,9,1114.75
424,,10,4758.583333333333
425,,11,5341.5
426,,12,2722.583333333333
427,,13,2614.916666666667
428,,14,1591.727272727273
429,,15,427.75
430,,16,8.083333333333334
431,,17,0.0
0,,0,0.0
1,,1,0.0
2,,2,0.0
3,,3,0.0
4,,4,0.0
5,,5,0.0
432,,18,0.0
433,,19,0.0
434,,20,0.0
435,,21,0.0
436,,22,0.0
437,,23,0.0
438,2019-11-24,7,84.0
439,,8,378.9166666666667
440,,9,1420.25
441,,10,2418.5
442,,11,3330.0
443,,12,4153.416666666667
444,,13,4127.0
445,,14,2617.090909090909
446,,15,973.75
447,,16,50.75
448,,17,0.0
449,,18,0.0
0,,0,0.0
1,,1,0.0
2,,2,0.0
3,,3,0.0
4,,4,0.0
5,,5,0.0
450,,19,0.0
451,,20,0.0
452,,21,0.0
453,,22,0.0
454,,23,0.0
455,2019-11-25,8,292.3333333333333
456,,9,606.25
457,,10,704.2727272727273
458,,11,1272.166666666667
459,,12,974.3333333333334
460,,13,587.75
461,,14,357.8333333333333
462,,15,101.1666666666667
463,,16,0.0
464,,17,0.0
465,,18,0.0
466,,19,0.0
467,,20,0.0
0,,0,0.0
1,,1,0.0
2,,2,0.0
3,,3,0.0
4,,4,0.0
5,,5,0.0
468,,21,0.0
469,,22,0.0
470,,23,0.0
471,2019-11-26,7,0.0
472,,8,386.4166666666667
473,,9,1355.75
474,,10,2879.727272727273
475,,11,4782.166666666667
476,,12,4397.833333333333
477,,13,3484.166666666667
478,,14,1605.416666666667
479,,15,694.6666666666666
480,,16,30.0
481,,17,0.0
482,,18,0.0
483,,19,0.0
484,,20,0.0
485,,21,0.0
0,,0,0.0
1,,1,0.0
2,,2,0.0
3,,3,0.0
4,,4,0.0
5,,5,0.0
486,,22,0.0
487,,23,0.0
488,2019-11-27,8,183.3636363636364
489,,9,182.6666666666667
490,,10,561.3333333333334
491,,11,437.0833333333333
492,,12,694.0
493,,13,1056.916666666667
494,,14,634.9090909090909
495,,15,409.8333333333333
496,,16,28.08333333333333
497,,17,0.0
498,,18,0.0
499,,19,0.0
500,,20,0.0
501,,21,0.0
502,,22,0.0
503,,23,0.0
0,2019-11-28,0,0.0
1,,1,0.0
2,,2,0.0
3,,3,0.0
4,,4,0.0
5,,5,0.0
504,,8,148.3333333333333
505,,9,623.0833333333334
506,,10,1853.166666666667
507,,11,2767.5
508,,12,1718.75
509,,13,2000.5
510,,14,803.9090909090909
511,,15,328.1666666666667
512,,16,14.83333333333333
513,,17,0.0
514,,18,0.0
515,,19,0.0
516,,20,0.0
517,,21,0.0
518,,22,0.0
519,,23,0.0
520,2019-11-29,7,61.0
521,,8,444.8888888888889
0,,0,0.0
1,,1,0.0
2,,2,0.0
3,,3,0.0
4,,4,0.0
5,,5,0.0
522,,9,1359.181818181818
523,,10,1927.416666666667
524,,11,2266.666666666667
525,,12,1315.833333333333
526,,13,1156.75
527,,14,1052.363636363636
528,,15,160.4166666666667
529,,16,0.0
530,,17,0.0
531,,18,0.0
532,,19,0.0
533,,20,0.0
534,,21,0.0
535,,22,0.0
536,,23,0.0
537,2019-11-30,8,245.9090909090909
538,,9,963.0
539,,10,1522.833333333333
0,,0,0.0
1,,1,0.0
2,,2,0.0
3,,3,0.0
4,,4,0.0
5,,5,0.0
540,,11,1427.666666666667
541,,12,3776.916666666667
542,,13,4220.916666666667
543,,14,1248.75
544,,15,696.6666666666666
545,,16,44.25
546,,17,0.0
547,,18,0.0
548,,19,0.0
549,,20,0.0
550,,21,0.0
551,,22,0.0
552,,23,0.0
553,2019-12-01,8,379.4166666666667
554,,9,801.75
555,,10,2754.083333333333
556,,11,1614.75
557,,12,1008.166666666667
0,,0,0.0
1,,1,0.0
2,,2,0.0
3,,3,0.0
4,,4,0.0
5,,5,0.0
558,,13,706.6666666666666
559,,14,300.5833333333333
560,,15,208.5833333333333
561,,16,8.333333333333334
562,,17,0.0
563,,18,0.0
564,,19,0.0
565,,20,0.0
566,,21,0.0
567,,22,0.0
568,,23,0.0
569,2019-12-02,9,93.0
570,,10,180.6666666666667
571,,11,240.0833333333333
572,,12,117.0
573,,13,310.25
574,,14,116.0
575,,15,16.83333333333333
0,,0,0.0
1,,1,0.0
2,,2,0.0
3,,3,0.0
4,,4,0.0
5,,5,0.0
576,,16,0.0
577,,17,0.0
578,,18,0.0
579,,19,0.0
580,,20,0.0
581,,21,0.0
582,,22,0.0
583,,23,0.0
584,2019-12-03,8,97.55555555555556
585,,9,386.8333333333333
586,,10,718.8333333333334
587,,11,3928.545454545455
588,,12,8507.0
589,,13,7316.916666666667
590,,14,4838.25
591,,15,812.25
592,,16,31.66666666666667
593,,17,0.0
0,,0,0.0
1,,1,0.0
2,,2,0.0
3,,3,0.0
4,,4,0.0
5,,5,0.0
594,,18,0.0
595,,19,0.0
596,,20,0.0
597,,21,0.0
598,,22,0.0
599,,23,0.0
600,2019-12-04,8,310.0833333333333
601,,9,1484.333333333333
602,,10,4232.75
603,,11,7248.5
604,,12,8244.666666666666
605,,13,7652.416666666667
606,,14,4943.083333333333
607,,15,928.0833333333334
608,,16,44.75
609,,17,0.0
610,,18,0.0
611,,19,0.0
0,,0,0.0
1,,1,0.0
2,,2,0.0
3,,3,0.0
4,,4,0.0
5,,5,0.0
612,,20,0.0
613,,21,0.0
614,,22,0.0
615,,23,0.0
616,2019-12-05,8,247.1
617,,9,666.4166666666666
618,,10,1125.083333333333
619,,11,1447.0
620,,12,1504.5
621,,13,1385.75
622,,14,756.8333333333334
623,,15,243.5
624,,16,5.25
625,,17,0.0
626,,18,0.0
627,,19,0.0
628,,20,0.0
629,,21,0.0
0,,0,0.0
1,,1,0.0
2,,2,0.0
3,,3,0.0
4,,4,0.0
5,,5,0.0
630,,22,0.0
631,,23,0.0
632,2019-12-06,8,235.3333333333333
633,,9,1689.083333333333
634,,10,5006.166666666667
635,,11,7359.166666666667
636,,12,8246.333333333334
637,,13,7518.666666666667
638,,14,4592.916666666667
639,,15,785.0833333333334
640,,16,35.5
641,,17,0.0
642,,18,0.0
643,,19,0.0
644,,20,0.0
645,,21,0.0
646,,22,0.0
647,,23,0.0
0,2019-12-07,0,0.0
1,,1,0.0
2,,2,0.0
3,,3,0.0
4,,4,0.0
5,,5,0.0
648,,8,248.625
649,,9,1073.166666666667
650,,10,3517.0
651,,11,3035.909090909091
652,,12,2150.583333333333
653,,13,1627.083333333333
654,,14,423.3333333333333
655,,15,144.5
656,,16,5.583333333333333
657,,17,0.0
658,,18,0.0
659,,19,0.0
660,,20,0.0
661,,21,0.0
662,,22,0.0
663,,23,0.0
664,2019-12-08,8,437.8333333333333
665,,9,1789.5
0,,0,0.0
1,,1,0.0
2,,2,0.0
3,,3,0.0
4,,4,0.0
5,,5,0.0
666,,10,4646.833333333333
667,,11,6011.25
668,,12,7445.636363636364
669,,13,5833.333333333333
670,,14,2796.583333333333
671,,15,659.5833333333334
672,,16,7.166666666666667
673,,17,0.0
674,,18,0.0
675,,19,0.0
676,,20,0.0
677,,21,0.0
678,,22,0.0
679,,23,0.0
680,2019-12-09,8,98.0
681,,9,720.5
682,,10,1369.0
683,,11,3130.833333333333
0,,0,0.0
1,,1,0.0
2,,2,0.0
3,,3,0.0
4,,4,0.0
5,,5,0.0
684,,12,2456.166666666667
685,,13,3409.25
686,,14,1481.0
687,,15,355.6666666666667
688,,16,17.83333333333333
689,,17,0.0
690,,18,0.0
691,,19,0.0
692,,20,0.0
693,,21,0.0
694,,22,0.0
695,,23,0.0
696,2019-12-10,8,187.0
697,,9,768.6666666666666
698,,10,1136.166666666667
699,,11,1957.0
700,,12,2999.833333333333
701,,13,5981.583333333333
0,,0,0.0
1,,1,0.0
2,,2,0.0
3,,3,0.0
4,,4,0.0
5,,5,0.0
702,,14,3982.083333333333
703,,15,750.75
704,,16,35.0
705,,17,0.0
706,,18,0.0
707,,19,0.0
708,,20,0.0
709,,21,0.0
710,,22,0.0
711,,23,0.0
712,2019-12-11,7,62.0
713,,8,445.0
714,,9,1735.166666666667
715,,10,4617.916666666667
716,,11,7325.416666666667
717,,12,5391.25
718,,13,3824.75
719,,14,1638.5
0,,0,0.0
1,,1,0.0
2,,2,0.0
3,,3,0.0
4,,4,0.0
5,,5,0.0
720,,15,515.4166666666666
721,,16,10.75
722,,17,0.0
723,,18,0.0
724,,19,0.0
725,,20,0.0
726,,21,0.0
727,,22,0.0
728,,23,0.0
729,2019-12-12,8,409.5
730,,9,1088.5
731,,10,1818.083333333333
732,,11,2057.833333333333
733,,12,933.1666666666666
734,,13,585.0
735,,14,421.1666666666667
736,,15,166.4166666666667
737,,16,0.6666666666666666
0,,0,0.0
1,,1,0.0
2,,2,0.0
3,,3,0.0
4,,4,0.0
5,,5,0.0
738,,17,0.0
739,,18,0.0
740,,19,0.0
741,,20,0.0
742,,21,0.0
743,,22,0.0
744,,23,0.0
745,2019-12-13,8,198.1
746,,9,635.6666666666666
747,,10,1163.333333333333
748,,11,444.25
749,,12,458.9166666666667
750,,13,2235.916666666667
751,,14,3414.75
752,,15,636.5833333333334
753,,16,25.33333333333333
754,,17,0.0
755,,18,0.0
0,,0,0.0
1,,1,0.0
2,,2,0.0
3,,3,0.0
4,,4,0.0
5,,5,0.0
756,,19,0.0
757,,20,0.0
758,,21,0.0
759,,22,0.0
760,,23,0.0
761,2019-12-14,8,99.5
762,,9,844.8333333333334
763,,10,1753.083333333333
764,,11,1750.666666666667
765,,12,4309.0
766,,13,1000.5
767,,14,571.6363636363636
768,,15,330.5833333333333
769,,16,22.08333333333333
770,,17,0.0
771,,18,0.0
772,,19,0.0
773,,20,0.0
0,,0,0.0
1,,1,0.0
2,,2,0.0
3,,3,0.0
4,,4,0.0
5,,5,0.0
774,,21,0.0
775,,22,0.0
776,,23,0.0
777,2019-12-15,8,344.9090909090909
778,,9,1039.166666666667
779,,10,2822.833333333333
780,,11,4670.666666666667
781,,12,2617.916666666667
782,,13,1471.0
783,,14,1075.833333333333
784,,15,331.0833333333333
785,,16,0.0
786,,17,0.0
787,,18,0.0
788,,19,0.0
789,,20,0.0
790,,21,0.0
791,,22,0.0
0,,0,0.0
1,,1,0.0
2,,2,0.0
3,,3,0.0
4,,4,0.0
5,,5,0.0
792,,23,0.0
793,2019-12-16,8,259.4
794,,9,893.5833333333334
795,,10,1576.083333333333
796,,11,1902.083333333333
797,,12,3645.5
798,,13,5309.833333333333
799,,14,1982.25
800,,15,219.8333333333333
801,,16,0.0
802,,17,0.0
803,,18,0.0
804,,19,0.0
805,,20,0.0
806,,21,0.0
807,,22,0.0
808,,23,0.0
809,2019-12-17,8,247.125
0,,0,0.0
1,,1,0.0
2,,2,0.0
3,,3,0.0
4,,4,0.0
5,,5,0.0
810,,9,488.25
811,,10,1084.083333333333
812,,11,2109.416666666667
813,,12,1577.833333333333
814,,13,1086.75
815,,14,459.1666666666667
816,,15,138.8333333333333
817,,16,0.0
818,,17,0.0
819,,18,0.0
820,,19,0.0
821,,20,0.0
822,,21,0.0
823,,22,0.0
824,,23,0.0
825,2019-12-18,8,282.3333333333333
826,,9,797.3333333333334
827,,10,4216.583333333333
0,,0,0.0
1,,1,0.0
2,,2,0.0
3,,3,0.0
4,,4,0.0
5,,5,0.0
828,,11,5703.333333333333
829,,12,7494.166666666667
830,,13,3624.0
831,,14,1372.25
832,,15,684.9166666666666
833,,16,35.0
834,,17,0.0
835,,18,0.0
836,,19,0.0
837,,20,0.0
838,,21,0.0
839,,22,0.0
840,,23,0.0
841,2019-12-19,8,323.0
842,,9,1373.416666666667
843,,10,3007.666666666667
844,,11,4299.916666666667
845,,12,3988.083333333333
0,,0,0.0
1,,1,0.0
2,,2,0.0
3,,3,0.0
4,,4,0.0
5,,5,0.0
846,,13,3949.666666666667
847,,14,1334.75
848,,15,687.9166666666666
849,,16,74.25
850,,17,0.0
851,,18,0.0
852,,19,0.0
853,,20,0.0
854,,21,0.0
855,,22,0.0
856,,23,0.0
857,2019-12-20,8,230.0
858,,9,1387.416666666667
859,,10,3274.166666666667
860,,11,4300.75
861,,12,2425.083333333333
862,,13,1631.416666666667
863,,14,333.1666666666667
0,,0,0.0
1,,1,0.0
2,,2,0.0
3,,3,0.0
4,,4,0.0
5,,5,0.0
864,,15,81.91666666666667
865,,16,4.0
866,,17,0.0
867,,18,0.0
868,,19,0.0
869,,20,0.0
870,,21,0.0
871,,22,0.0
872,,23,0.0
873,2019-12-21,8,95.4
874,,9,165.3333333333333
875,,10,332.1666666666667
876,,11,427.0833333333333
877,,12,475.5
878,,13,519.9166666666666
879,,14,498.0833333333333
880,,15,328.1666666666667
881,,16,16.2
0,,0,0.0
1,,1,0.0
2,,2,0.0
3,,3,0.0
4,,4,0.0
5,,5,0.0
882,,17,0.0
883,,18,0.0
884,,19,0.0
885,,20,0.0
886,,21,0.0
887,,22,0.0
888,,23,0.0
889,2019-12-22,8,91.66666666666667
890,,9,269.5454545454546
891,,10,759.0
892,,11,1417.583333333333
893,,12,1113.666666666667
894,,13,1262.583333333333
895,,14,454.0
896,,15,161.9166666666667
897,,16,0.0
898,,17,0.0
899,,18,0.0
0,,0,0.0
1,,1,0.0
2,,2,0.0
3,,3,0.0
4,,4,0.0
5,,5,0.0
900,,19,0.0
901,,20,0.0
902,,21,0.0
903,,22,0.0
904,,23,0.0
905,2019-12-23,8,71.33333333333333
906,,9,403.25
907,,10,795.1666666666666
908,,11,893.9166666666666
909,,12,569.5833333333334
910,,13,889.3333333333334
911,,14,873.4
912,,15,392.3333333333333
913,,16,27.91666666666667
914,,17,0.0
915,,18,0.0
916,,19,0.0
917,,20,0.0
0,,0,0.0
1,,1,0.0
2,,2,0.0
3,,3,0.0
4,,4,0.0
5,,5,0.0
918,,21,0.0
919,,22,0.0
920,,23,0.0
921,2019-12-24,8,285.0
922,,9,1250.333333333333
923,,10,3103.0
924,,11,3564.75
925,,12,2842.416666666667
926,,13,541.8333333333334
927,,14,168.3333333333333
928,,15,67.5
929,,16,48.0
930,,17,0.0
931,,18,0.0
932,,19,0.0
933,,20,0.0
934,,21,0.0
935,,22,0.0
0,,0,0.0
1,,1,0.0
2,,2,0.0
3,,3,0.0
4,,4,0.0
5,,5,0.0
936,,23,0.0
937,2019-12-25,8,392.1666666666667
938,,9,518.0833333333334
939,,10,615.0833333333334
940,,11,346.6666666666667
941,,12,193.75
942,,13,366.8181818181818
943,,14,416.1666666666667
944,,15,142.5454545454545
945,,16,17.5
946,,17,0.0
947,,18,0.0
948,,19,0.0
949,,20,0.0
950,,21,0.0
951,,22,0.0
952,,23,0.0
953,2019-12-26,8,330.3333333333333
0,,0,0.0
1,,1,0.0
2,,2,0.0
3,,3,0.0
4,,4,0.0
5,,5,0.0
954,,9,978.8333333333334
955,,10,3539.75
956,,11,7072.5
957,,12,8203.363636363636
958,,13,7637.5
959,,14,4074.5
960,,15,1024.2
961,,16,34.0
962,,17,0.0
963,,18,0.0
964,,19,0.0
965,,20,0.0
966,,21,0.0
967,,22,0.0
968,,23,0.0
969,2019-12-27,8,43.66666666666666
970,,9,126.0833333333333
971,,10,507.5454545454546
0,,0,0.0
1,,1,0.0
2,,2,0.0
3,,3,0.0
4,,4,0.0
5,,5,0.0
972,,11,1052.916666666667
973,,12,663.25
974,,13,491.6363636363636
975,,14,683.0833333333334
976,,15,227.0833333333333
977,,16,1.416666666666667
978,,17,0.0
979,,18,0.0
980,,19,0.0
981,,20,0.0
982,,21,0.0
983,,22,0.0
984,,23,0.0
985,2019-12-28,8,105.2
986,,9,421.9166666666667
987,,10,953.6666666666666
988,,11,1843.25
989,,12,2079.083333333333
0,,0,0.0
1,,1,0.0
2,,2,0.0
3,,3,0.0
4,,4,0.0
5,,5,0.0
990,,13,7836.0
991,,14,2848.666666666667
992,,15,471.8333333333333
993,,16,7.583333333333333
994,,17,0.0
995,,18,0.0
996,,19,0.0
997,,20,0.0
998,,21,0.0
999,,22,0.0
1000,,23,0.0
1001,2019-12-29,8,257.1111111111111
1002,,9,1223.833333333333
1003,,10,4330.833333333333
1004,,11,6842.416666666667
1005,,12,8020.0
1006,,13,7613.833333333333
1007,,14,4385.833333333333
0,,0,0.0
1,,1,0.0
2,,2,0.0
3,,3,0.0
4,,4,0.0
5,,5,0.0
1008,,15,1097.272727272727
1009,,16,76.08333333333333
1010,,17,0.0
1011,,18,0.0
1012,,19,0.0
1013,,20,0.0
1014,,21,0.0
1015,,22,0.0
1016,,23,0.0
1017,2019-12-30,8,177.0
1018,,9,1098.0
1019,,10,4352.5
1020,,11,6774.909090909091
1021,,12,8020.583333333333
1022,,13,7589.5
1023,,14,4924.833333333333
1024,,15,1013.916666666667
1025,,16,54.16666666666666
0,,0,0.0
1,,1,0.0
2,,2,0.0
3,,3,0.0
4,,4,0.0
5,,5,0.0
1026,,17,0.0
1027,,18,0.0
1028,,19,0.0
1029,,20,0.0
1030,,21,0.0
1031,,22,0.0
1032,,23,0.0
1033,2019-12-31,8,188.8
1034,,9,1215.833333333333
1035,,10,4531.5
1036,,11,6659.454545454545
1037,,12,7652.666666666667
1038,,13,5440.666666666667
1039,,14,2452.363636363636
1040,,15,727.3333333333334
1041,,16,33.25
1042,,17,0.0
1043,,18,0.0
0,,0,0.0
1,,1,0.0
2,,2,0.0
3,,3,0.0
4,,4,0.0
5,,5,0.0
1044,,19,0.0
1045,,20,0.0
1046,,21,0.0
1047,,22,0.0
1048,,23,0.0
1049,2020-01-01,8,271.4444444444445
1050,,9,1235.833333333333
1051,,10,4071.25
1052,,11,6520.083333333333
1053,,12,7834.166666666667
1054,,13,7532.666666666667
1055,,14,4985.583333333333
1056,,15,1245.454545454545
1057,,16,87.0909090909091
1058,,17,0.0
1059,,18,0.0
1060,,19,0.0
1061,,20,0.0
0,,0,0.0
1,,1,0.0
2,,2,0.0
3,,3,0.0
4,,4,0.0
5,,5,0.0
1062,,21,0.0
1063,,22,0.0
1064,,23,0.0
1065,2020-01-02,8,263.7142857142857
1066,,9,1105.916666666667
1067,,10,4107.75
1068,,11,6682.181818181818
1069,,12,7893.181818181818
1070,,13,7547.727272727273
1071,,14,4448.636363636364
1072,,15,512.75
1073,,16,19.58333333333333
1074,,17,0.0
1075,,18,0.0
1076,,19,0.0
1077,,20,0.0
1078,,21,0.0
1079,,22,0.0
0,,0,0.0
1,,1,0.0
2,,2,0.0
3,,3,0.0
4,,4,0.0
5,,5,0.0
1080,,23,0.0
1081,2020-01-03,8,257.6
1082,,9,1141.363636363636
1083,,10,4251.333333333333
1084,,11,4655.545454545455
1085,,12,4227.75
1086,,13,3300.5
1087,,14,1535.545454545455
1088,,15,451.6666666666667
1089,,16,42.58333333333334
1090,,17,0.0
1091,,18,0.0
1092,,19,0.0
1093,,20,0.0
1094,,21,0.0
1095,,22,0.0
1096,,23,0.0
1097,2020-01-04,8,181.1666666666667
0,,0,0.0
1,,1,0.0
2,,2,0.0
3,,3,0.0
4,,4,0.0
5,,5,0.0
1098,,9,399.4166666666667
1099,,10,655.0
1100,,11,784.4
1101,,12,1281.25
1102,,13,771.3333333333334
1103,,14,424.5833333333333
1104,,15,84.75
1105,,16,2.166666666666667
1106,,17,0.0
1107,,18,0.0
1108,,19,0.0
1109,,20,0.0
1110,,21,0.0
1111,,22,0.0
1112,,23,0.0
1113,2020-01-05,8,233.0
1114,,9,487.0
1115,,10,969.8333333333334
0,,0,0.0
1,,1,0.0
2,,2,0.0
3,,3,0.0
4,,4,0.0
5,,5,0.0
1116,,11,729.25
1117,,12,551.25
1118,,13,996.8333333333334
1119,,14,803.0
1120,,15,358.2727272727273
1121,,16,64.66666666666667
1122,,17,0.0
1123,,18,0.0
1124,,19,0.0
1125,,20,0.0
1126,,21,0.0
1127,,22,0.0
1128,,23,0.0
1129,2020-01-06,8,183.6666666666667
1130,,9,1012.666666666667
1131,,10,4244.5
1132,,11,6927.583333333333
1133,,12,8236.25
0,,0,0.0
1,,1,0.0
2,,2,0.0
3,,3,0.0
4,,4,0.0
5,,5,0.0
1134,,13,8097.916666666667
1135,,14,5844.0
1136,,15,1633.0
1137,,16,73.9090909090909
1138,,17,0.0
1139,,18,0.0
1140,,19,0.0
1141,,20,0.0
1142,,21,0.0
1143,,22,0.0
1144,,23,0.0
1145,2020-01-07,8,137.0
1146,,9,473.75
1147,,10,510.0833333333333
1148,,11,670.5833333333334
1149,,12,769.6666666666666
1150,,13,593.8333333333334
1151,,14,432.75
0,,0,0.0
1,,1,0.0
2,,2,0.0
3,,3,0.0
4,,4,0.0
5,,5,0.0
1152,,15,260.5454545454546
1153,,16,20.18181818181818
1154,,17,0.0
1155,,18,0.0
1156,,19,0.0
1157,,20,0.0
1158,,21,0.0
1159,,22,0.0
1160,,23,0.0
1161,2020-01-08,8,88.71428571428571
1162,,9,368.75
1163,,10,1177.083333333333
1164,,11,738.0
1165,,12,760.0
1166,,13,763.5
1167,,14,457.8333333333333
1168,,15,130.3333333333333
1169,,16,24.66666666666667
0,,0,0.0
1,,1,0.0
2,,2,0.0
3,,3,0.0
4,,4,0.0
5,,5,0.0
1170,,17,0.0
1171,,18,0.0
1172,,19,0.0
1173,,20,0.0
1174,,21,0.0
1175,,22,0.0
1176,,23,0.0
1177,2020-01-09,8,350.8888888888889
1178,,9,1730.0
1179,,10,4074.333333333333
1180,,11,6828.916666666667
1181,,12,7740.833333333333
1182,,13,7034.363636363636
1183,,14,4674.25
1184,,15,1178.545454545455
1185,,16,153.0
1186,,17,0.0
1187,,18,0.0
0,,0,0.0
1,,1,0.0
2,,2,0.0
3,,3,0.0
4,,4,0.0
5,,5,0.0
1188,,19,0.0
1189,,20,0.0
1190,,21,0.0
1191,,22,0.0
1192,,23,0.0
1193,2020-01-10,8,170.5
1194,,9,962.0
1195,,10,4028.25
1196,,11,5587.916666666667
1197,,12,8260.833333333334
1198,,13,4437.166666666667
1199,,14,3233.5
1200,,15,549.3333333333334
1201,,16,123.75
1202,,17,0.0
1203,,18,0.0
1204,,19,0.0
1205,,20,0.0
0,,0,0.0
1,,1,0.0
2,,2,0.0
3,,3,0.0
4,,4,0.0
5,,5,0.0
1206,,21,0.0
1207,,22,0.0
1208,,23,0.0
1209,2020-01-11,8,174.1666666666667
1210,,9,760.5833333333334
1211,,10,1863.166666666667
1212,,11,3701.0
1213,,12,3342.333333333333
1214,,13,3231.25
1215,,14,2311.0
1216,,15,1191.583333333333
1217,,16,102.2727272727273
1218,,17,0.0
1219,,18,0.0
1220,,19,0.0
1221,,20,0.0
1222,,21,0.0
1223,,22,0.0
0,,0,0.0
1,,1,0.0
2,,2,0.0
3,,3,0.0
4,,4,0.0
5,,5,0.0
1224,,23,0.0
1225,2020-01-12,8,210.9
1226,,9,1157.083333333333
1227,,10,4361.0
1228,,11,6899.375
1229,,15,658.5
1230,,16,106.8333333333333
1231,,17,0.0
1232,,18,0.0
1233,,19,0.0
1234,,20,0.0
1235,,21,0.0
1236,,22,0.0
1237,,23,0.0
1238,2020-01-13,8,109.875
1239,,9,634.0
1240,,10,1397.416666666667
1241,,11,3519.583333333333
0,,0,0.0
1,,1,0.0
2,,2,0.0
3,,3,0.0
4,,4,0.0
5,,5,0.0
1242,,12,4892.166666666667
1243,,13,3311.0
1244,,14,1964.25
1245,,15,948.0
1246,,16,151.75
1247,,17,0.0
1248,,18,0.0
1249,,19,0.0
1250,,20,0.0
1251,,21,0.0
1252,,22,0.0
1253,,23,0.0
1254,2020-01-14,8,357.3
1255,,9,1710.583333333333
1256,,10,3739.545454545455
1257,,11,6188.833333333333
1258,,12,7457.166666666667
1259,,13,8383.0
0,,0,0.0
1,,1,0.0
2,,2,0.0
3,,3,0.0
4,,4,0.0
5,,5,0.0
1260,,14,6053.666666666667
1261,,15,2362.833333333333
1262,,16,280.75
1263,,17,0.0
1264,,18,0.0
1265,,19,0.0
1266,,20,0.0
1267,,21,0.0
1268,,22,0.0
1269,,23,0.0
1270,2020-01-15,8,329.6
1271,,9,1309.666666666667
1272,,10,3916.25
1273,,11,6875.916666666667
1274,,12,8086.583333333333
1275,,13,8003.25
1276,,14,6480.083333333333
1277,,15,2497.0
0,,0,0.0
1,,1,0.0
2,,2,0.0
3,,3,0.0
4,,4,0.0
5,,5,0.0
1278,,16,168.5
1279,,17,0.0
1280,,18,0.0
1281,,19,0.0
1282,,20,0.0
1283,,21,0.0
1284,,22,0.0
1285,,23,0.0
1286,2020-01-16,8,109.75
1287,,9,445.1666666666667
1288,,10,1039.25
1289,,11,4902.166666666667
1290,,12,7666.166666666667
1291,,13,8140.333333333333
1292,,14,4982.5
1293,,15,2112.75
1294,,16,209.9166666666667
1295,,17,0.0
0,,0,0.0
1,,1,0.0
2,,2,0.0
3,,3,0.0
4,,4,0.0
5,,5,0.0
1296,,18,0.0
1297,,19,0.0
1298,,20,0.0
1299,,21,0.0
1300,,22,0.0
1301,,23,0.0
1302,2020-01-17,8,244.375
1303,,9,1244.666666666667
1304,,10,3888.0
1305,,11,6955.333333333333
1306,,12,7773.916666666667
1307,,13,8257.833333333334
1308,,14,6574.166666666667
1309,,15,2172.583333333333
1310,,16,119.4166666666667
1311,,17,0.0
1312,,18,0.0
1313,,19,0.0
0,,0,0.0
1,,1,0.0
2,,2,0.0
3,,3,0.0
4,,4,0.0
5,,5,0.0
1314,,20,0.0
1315,,21,0.0
1316,,22,0.0
1317,,23,0.0
1318,2020-01-18,8,59.0
1319,,9,271.8333333333333
1320,,10,638.0
1321,,11,751.0
1322,,12,1746.833333333333
1323,,13,728.3333333333334
1324,,14,1445.454545454545
1325,,15,325.375
1326,,16,120.1
1327,,17,0.0
1328,,18,0.0
1329,,19,0.0
1330,,21,0.0
1331,,22,0.0
0,,0,0.0
1,,1,0.0
2,,2,0.0
3,,3,0.0
4,,4,0.0
5,,5,0.0
1332,,23,0.0
1333,2020-01-19,8,169.5714285714286
1334,,9,418.5
1335,,10,522.5
1336,,11,1127.833333333333
1337,,12,1738.916666666667
1338,,13,1531.818181818182
1339,,14,794.4166666666666
1340,,15,1764.5
1341,,16,302.6666666666667
1342,,17,0.0
1343,,18,0.0
1344,,19,0.0
1345,,20,0.0
1346,,21,0.0
1347,,22,0.0
1348,,23,0.0
1349,2020-01-20,8,146.6666666666667
0,,0,0.0
1,,1,0.0
2,,2,0.0
3,,3,0.0
4,,4,0.0
5,,5,0.0
1350,,9,695.25
1351,,10,1622.083333333333
1352,,11,1604.75
1353,,12,2332.0
1354,,13,1820.333333333333
1355,,14,1333.333333333333
1356,,15,795.25
1357,,16,233.5
1358,,17,0.0
1359,,18,0.0
1360,,19,0.0
1361,,20,0.0
1362,,21,0.0
1363,,22,0.0
1364,2020-01-21,8,481.4
1365,,9,1526.583333333333
1366,,10,1333.916666666667
1367,,11,1664.416666666667
0,,0,0.0
1,,1,0.0
2,,2,0.0
3,,3,0.0
4,,4,0.0
5,,5,0.0
1368,,12,1478.166666666667
1369,,13,1207.0
1370,,14,1109.916666666667
1371,,15,912.1666666666666
1372,,16,153.6666666666667
1373,,17,0.0
1374,,18,0.0
1375,,19,0.0
1376,,20,0.0
1377,,21,0.0
1378,,22,0.0
1379,2020-01-22,8,106.75
1380,,9,371.0
1381,,10,701.6666666666666
1382,,11,957.25
1383,,12,1265.083333333333
1384,,13,1149.916666666667
1385,,14,821.8333333333334
0,,0,0.0
1,,1,0.0
2,,2,0.0
3,,3,0.0
4,,4,0.0
5,,5,0.0
1386,,15,388.1666666666667
1387,,16,68.58333333333333
1388,,17,0.0
1389,,18,0.0
1390,,19,0.0
1391,,20,0.0
1392,,21,0.0
1393,,22,0.0
1394,,23,0.0
1395,2020-01-23,8,150.1428571428571
1396,,9,456.25
1397,,10,930.0833333333334
1398,,11,1273.666666666667
1399,,12,1683.583333333333
1400,,13,1288.833333333333
1401,,14,1226.75
1402,,15,855.0833333333334
1403,,16,306.9166666666667
0,,0,0.0
1,,1,0.0
2,,2,0.0
3,,3,0.0
4,,4,0.0
5,,5,0.0
1404,,17,0.0
1405,,18,0.0
1406,,19,0.0
1407,,20,0.0
1408,,21,0.0
1409,,22,0.0
1410,,23,0.0
1411,2020-01-24,8,239.8333333333333
1412,,9,1328.416666666667
1413,,10,3874.272727272727
1414,,11,6966.75
1415,,12,8217.083333333334
1416,,13,8022.583333333333
1417,,14,6702.333333333333
1418,,15,3106.333333333333
1419,,16,504.5833333333333
1420,,17,2.0
1421,,18,0.0
0,,0,0.0
1,,1,0.0
2,,2,0.0
3,,3,0.0
4,,4,0.0
5,,5,0.0
1422,,19,0.0
1423,,20,0.0
1424,,21,0.0
1425,,22,0.0
1426,,23,0.0
1427,2020-01-25,8,411.1818181818182
1428,,9,1401.25
1429,,10,2843.181818181818
1430,,11,4578.583333333333
1431,,12,3837.083333333333
1432,,13,4129.833333333333
1433,,14,2808.666666666667
1434,,15,1482.416666666667
1435,,16,259.5
1436,,17,0.0
1437,,18,0.0
1438,,19,0.0
1439,,20,0.0
0,,0,0.0
1,,1,0.0
2,,2,0.0
3,,3,0.0
4,,4,0.0
5,,5,0.0
1440,,21,0.0
1441,,22,0.0
1442,,23,0.0
1443,2020-01-26,8,425.3636363636364
1444,,9,1580.75
1445,,10,3614.818181818182
1446,,11,4840.75
1447,,12,2126.666666666667
1448,,13,2078.416666666667
1449,,14,2482.833333333333
1450,,15,1565.083333333333
1451,,16,432.3333333333333
1452,,17,1.416666666666667
1453,,18,0.0
1454,,19,0.0
1455,,20,0.0
1456,,21,0.0
1457,,22,0.0
0,,0,0.0
1,,1,0.0
2,,2,0.0
3,,3,0.0
4,,4,0.0
5,,5,0.0
1458,,23,0.0
1459,2020-01-27,8,341.0
1460,,9,885.8181818181819
1461,,10,4062.666666666667
1462,,11,7188.545454545455
1463,,12,7692.0
1464,,13,7319.666666666667
1465,,14,5536.727272727273
1466,,15,2956.083333333333
1467,,16,287.0833333333333
1468,,17,0.0
1469,,18,0.0
1470,,19,0.0
1471,,20,0.0
1472,,21,0.0
1473,,22,0.0
1474,,23,0.0
1475,2020-01-28,8,185.2857142857143
0,,0,0.0
1,,1,0.0
2,,2,0.0
3,,3,0.0
4,,4,0.0
5,,5,0.0
1476,,9,265.6666666666667
1477,,10,374.4545454545454
1478,,11,695.5833333333334
1479,,12,635.4166666666666
1480,,13,594.9166666666666
1481,,14,2535.666666666667
1482,,15,4055.166666666667
1483,,16,210.1666666666667
1484,,17,0.0
1485,,18,0.0
1486,,19,0.0
1487,,20,0.0
1488,,21,0.0
1489,,22,0.0
1490,,23,0.0
1491,2020-01-29,8,282.7272727272727
1492,,9,1404.0
1493,,10,2578.090909090909
0,,0,0.0
1,,1,0.0
2,,2,0.0
3,,3,0.0
4,,4,0.0
5,,5,0.0
1494,,11,2136.333333333333
1495,,12,2842.166666666667
1496,,13,2162.666666666667
1497,,14,1032.166666666667
1498,,15,604.9166666666666
1499,,16,119.5
1500,,17,0.0
1501,,18,0.0
1502,,19,0.0
1503,,20,0.0
1504,,21,0.0
1505,,22,0.0
1506,,23,0.0
1507,2020-01-30,8,368.1818181818182
1508,,9,1351.75
1509,,10,4521.0
1510,,11,7854.0
1511,,12,8763.083333333334
0,,0,0.0
1,,1,0.0
2,,2,0.0
3,,3,0.0
4,,4,0.0
5,,5,0.0
1512,,13,7471.0
1513,,14,4527.0
1514,,15,1847.181818181818
1515,,16,621.0
1516,,17,1.0
1517,,18,0.0
1518,,19,0.0
1519,,20,0.0
1520,,21,0.0
1521,,22,0.0
1522,,23,0.0
1523,2020-01-31,8,393.5
1524,,9,743.25
1525,,10,1264.833333333333
1526,,11,2752.5
1527,,12,3482.166666666667
1528,,13,2004.916666666667
1529,,14,591.0833333333334
0,,0,0.0
1,,1,0.0
2,,2,0.0
3,,3,0.0
4,,4,0.0
5,,5,0.0
1530,,15,388.9166666666667
1531,,16,157.3333333333333
1532,,17,0.0
1533,,18,0.0
1534,,19,0.0
1535,,20,0.0
1536,,21,0.0
1537,,22,0.0
1538,,23,0.0
1539,2020-02-01,7,154.25
1540,,8,696.25
1541,,9,1368.916666666667
1542,,10,4442.583333333333
1543,,11,7455.666666666667
1544,,12,8580.25
1545,,13,7286.75
1546,,14,2838.166666666667
1547,,15,882.75
0,,0,0.0
1,,1,0.0
2,,2,0.0
3,,3,0.0
4,,4,0.0
5,,5,0.0
1548,,16,59.63636363636363
1549,,17,0.0
1550,,18,0.0
1551,,19,0.0
1552,,20,0.0
1553,,21,0.0
1554,,22,0.0
1555,,23,0.0
1556,2020-02-02,7,133.0
1557,,8,365.1111111111111
1558,,9,1338.416666666667
1559,,10,794.0833333333334
1560,,11,1104.5
1561,,12,1273.083333333333
1562,,13,961.8333333333334
1563,,14,907.1666666666666
1564,,15,697.75
1565,,16,137.8333333333333
0,,0,0.0
1,,1,0.0
2,,2,0.0
3,,3,0.0
4,,4,0.0
5,,5,0.0
1566,,17,0.0
1567,,18,0.0
1568,,19,0.0
1569,,20,0.0
1570,,21,0.0
1571,,22,0.0
1572,,23,0.0
1573,2020-02-03,8,104.6666666666667
1574,,9,182.9166666666667
1575,,10,409.5833333333333
1576,,11,694.0833333333334
1577,,12,579.1666666666666
1578,,13,474.5833333333333
1579,,14,319.3333333333333
1580,,15,174.8333333333333
1581,,16,27.41666666666667
1582,,17,0.0
1583,,18,0.0
0,,0,0.0
1,,1,0.0
2,,2,0.0
3,,3,0.0
4,,4,0.0
5,,5,0.0
1584,,19,0.0
1585,,20,0.0
1586,,21,0.0
1587,,22,0.0
1588,,23,0.0
1589,2020-02-04,8,200.2222222222222
1590,,9,1230.083333333333
1591,,10,1418.666666666667
1592,,11,1480.25
1593,,12,2182.75
1594,,13,2448.333333333333
1595,,14,1423.666666666667
1596,,15,1189.416666666667
1597,,16,327.5833333333333
1598,,17,14.83333333333333
1599,,18,0.0
1600,,19,0.0
1601,,20,0.0
0,,0,0.0
1,,1,0.0
2,,2,0.0
3,,3,0.0
4,,4,0.0
5,,5,0.0
1602,,21,0.0
1603,,22,0.0
1604,,23,0.0
1605,2020-02-05,8,98.875
1606,,9,720.75
1607,,10,1775.083333333333
1608,,11,1813.25
1609,,12,1276.833333333333
1610,,13,1475.25
1611,,14,788.1666666666666
1612,,15,880.1666666666666
1613,,16,529.5833333333334
1614,,17,7.272727272727272
1615,,18,0.0
1616,,19,0.0
1617,,20,0.0
1618,,21,0.0
1619,,22,0.0
0,,0,0.0
1,,1,0.0
2,,2,0.0
3,,3,0.0
4,,4,0.0
5,,5,0.0
1620,,23,0.0
1621,2020-02-06,7,122.0
1622,,8,459.3333333333333
1623,,9,1347.916666666667
1624,,10,4730.833333333333
1625,,11,7146.916666666667
1626,,12,9896.666666666666
1627,,13,9823.0
1628,,14,8793.416666666666
1629,,15,5432.5
1630,,16,1241.916666666667
1631,,17,46.58333333333334
1632,,18,0.0
1633,,19,0.0
1634,,20,0.0
1635,,21,0.0
1636,,22,0.0
1637,,23,0.0
0,2020-02-07,0,0.0
1,,1,0.0
2,,2,0.0
3,,3,0.0
4,,4,0.0
5,,5,0.0
1638,,7,103.0
1639,,8,434.5833333333333
1640,,9,1449.583333333333
1641,,10,4637.166666666667
1642,,11,8116.833333333333
1643,,12,9525.75
1644,,13,9648.333333333334
1645,,14,8329.916666666666
1646,,15,5097.833333333333
1647,,16,1271.0
1648,,17,49.75
1649,,18,0.0
1650,,19,0.0
1651,,20,0.0
1652,,21,0.0
1653,,22,0.0
1654,,23,0.0
1655,2020-02-08,7,104.6666666666667
0,,0,0.0
1,,1,0.0
2,,2,0.0
3,,3,0.0
4,,4,0.0
5,,5,0.0
1656,,8,424.3333333333333
1657,,9,1446.666666666667
1658,,10,4754.083333333333
1659,,11,8267.5
1660,,12,9669.833333333334
1661,,13,9319.75
1662,,14,6942.5
1663,,15,3847.333333333333
1664,,16,835.4166666666666
1665,,17,37.83333333333334
1666,,18,0.0
1667,,19,0.0
1668,,20,0.0
1669,,21,0.0
1670,,22,0.0
1671,,23,0.0
1672,2020-02-09,7,132.2
1673,,8,506.25
0,,0,0.0
1,,1,0.0
2,,2,0.0
3,,3,0.0
4,,4,0.0
5,,5,0.0
1674,,9,1611.416666666667
1675,,10,4634.25
1676,,11,8346.916666666666
1677,,12,8987.0
1678,,13,9868.125
1679,,14,8320.5
1680,,15,4268.833333333333
1681,,16,1160.5
1682,,17,34.08333333333334
1683,,18,0.0
1684,,19,0.0
1685,,20,0.0
1686,,21,0.0
1687,,22,0.0
1688,,23,0.0
1689,2020-02-10,7,69.33333333333333
1690,,8,198.4166666666667
1691,,9,107.5833333333333
0,,0,0.0
1,,1,0.0
2,,2,0.0
3,,3,0.0
4,,4,0.0
5,,5,0.0
1692,,10,364.1666666666667
1693,,11,2337.083333333333
1694,,12,6803.083333333333
1695,,13,1590.0
1696,,14,7462.916666666667
1697,,15,4814.0
1698,,16,595.3333333333334
1699,,17,18.08333333333333
1700,,18,0.0
1701,,19,0.0
1702,,20,0.0
1703,,21,0.0
1704,,22,0.0
1705,,23,0.0
1706,2020-02-11,7,55.0
1707,,8,288.5
1708,,9,495.9166666666667
1709,,10,848.25
0,,0,0.0
1,,1,0.0
2,,2,0.0
3,,3,0.0
4,,4,0.0
5,,5,0.0
1710,,11,6184.333333333333
1711,,12,4505.583333333333
1712,,13,6180.916666666667
1713,,14,1610.916666666667
1714,,15,1781.333333333333
1715,,16,1278.818181818182
1716,,17,40.5
1717,,18,0.0
1718,,19,0.0
1719,,20,0.0
1720,,21,0.0
1721,,22,0.0
1722,,23,0.0
1723,2020-02-12,7,122.0
1724,,8,739.0
1725,,9,1405.0
1726,,10,1735.583333333333
1727,,11,1255.25
0,,0,0.0
1,,1,0.0
2,,2,0.0
3,,3,0.0
4,,4,0.0
5,,5,0.0
1728,,12,1529.090909090909
1729,,13,2064.25
1730,,14,1766.0
1731,,15,1080.083333333333
1732,,16,157.75
1733,,17,27.58333333333333
1734,,18,0.0
1735,,19,0.0
1736,,20,0.0
1737,,21,0.0
1738,,22,0.0
1739,,23,0.0
1740,2020-02-13,7,207.0
1741,,8,927.1818181818181
1742,,9,2177.25
1743,,10,4350.75
1744,,11,8074.083333333333
1745,,12,9342.0
0,,0,0.0
1,,1,0.0
2,,2,0.0
3,,3,0.0
4,,4,0.0
5,,5,0.0
1746,,13,4622.416666666667
1747,,14,1304.0
1748,,15,1418.5
1749,,16,240.3333333333333
1750,,17,7.333333333333333
1751,,18,0.0
1752,,19,0.0
1753,,20,0.0
1754,,21,0.0
1755,,22,0.0
1756,,23,0.0
1757,2020-02-14,7,52.5
1758,,8,293.8333333333333
1759,,9,1459.272727272727
1760,,10,573.6666666666666
1761,,11,929.1666666666666
1762,,12,1659.181818181818
1763,,13,1966.666666666667
0,,0,0.0
1,,1,0.0
2,,2,0.0
3,,3,0.0
4,,4,0.0
5,,5,0.0
1764,,14,2019.333333333333
1765,,15,394.1666666666667
1766,,16,279.4166666666667
1767,,17,30.16666666666667
1768,,18,0.0
1769,,19,0.0
1770,,20,0.0
1771,,21,0.0
1772,,22,0.0
1773,,23,0.0
1774,2020-02-15,8,1156.6
1775,,9,2352.75
1776,,10,3028.916666666667
1777,,11,5512.416666666667
1778,,12,8475.916666666666
1779,,13,9221.0
1780,,14,7606.083333333333
1781,,15,5171.583333333333
0,,0,0.0
1,,1,0.0
2,,2,0.0
3,,3,0.0
4,,4,0.0
5,,5,0.0
1782,,16,1637.666666666667
1783,,17,162.9166666666667
1784,,18,0.0
1785,,19,0.0
1786,,20,0.0
1787,,21,0.0
1788,,22,0.0
1789,,23,0.0
1790,2020-02-16,7,294.1666666666667
1791,,8,654.1666666666666
1792,,9,1135.916666666667
1793,,10,2694.416666666667
1794,,11,5118.75
1795,,12,4781.75
1796,,13,3493.666666666667
1797,,14,4288.416666666667
1798,,15,1781.0
1799,,16,845.4166666666666
0,,0,0.0
1,,1,0.0
2,,2,0.0
3,,3,0.0
4,,4,0.0
5,,5,0.0
1800,,17,159.4166666666667
1801,,18,0.0
1802,,19,0.0
1803,,20,0.0
1804,,21,0.0
1805,,22,0.0
1806,,23,0.0
1807,2020-02-17,7,127.0
1808,,8,676.6666666666666
1809,,9,2066.833333333333
1810,,10,4163.166666666667
1811,,11,5020.083333333333
1812,,12,4523.166666666667
1813,,13,5308.25
1814,,14,1515.416666666667
1815,,15,203.3333333333333
1816,,16,13.25
1817,,17,0.0
0,,0,0.0
1,,1,0.0
2,,2,0.0
3,,3,0.0
4,,4,0.0
5,,5,0.0
1818,,18,0.0
1819,,19,0.0
1820,,20,0.0
1821,,21,0.0
1822,,22,0.0
1823,,23,0.0
1824,2020-02-18,7,209.8333333333333
1825,,8,804.6666666666666
1826,,9,1899.5
1827,,10,3953.727272727273
1828,,11,4873.1
1829,,12,4957.8
1830,,13,1935.0
1831,,14,3946.555555555556
1832,,15,1849.833333333333
1833,,16,2424.7
1834,,17,130.0
1835,,18,0.0
0,,0,0.0
1,,1,0.0
2,,2,0.0
3,,3,0.0
4,,4,0.0
5,,5,0.0
1836,,19,0.0
1837,,20,0.0
1838,,21,0.0
1839,,22,0.0
1840,,23,0.0
1841,2020-02-19,7,62.5
1842,,8,670.5
1843,,9,1482.916666666667
1844,,10,1564.166666666667
1845,,11,1068.166666666667
1846,,12,3352.75
1847,,13,2904.666666666667
1848,,14,2471.166666666667
1849,,15,3242.25
1850,,16,1101.5
1851,,17,91.0909090909091
1852,,18,0.0
1853,,19,0.0
0,,0,0.0
1,,1,0.0
2,,2,0.0
3,,3,0.0
4,,4,0.0
5,,5,0.0
1854,,20,0.0
1855,,21,0.0
1856,,22,0.0
1857,,23,0.0
1858,2020-02-20,7,183.1666666666667
1859,,8,875.25
1860,,9,1785.416666666667
1861,,10,2993.333333333333
1862,,11,3524.833333333333
1863,,12,2802.583333333333
1864,,13,2529.545454545455
1865,,14,4143.818181818182
1866,,15,5383.416666666667
1867,,16,2446.0
1868,,17,387.25
1869,,18,0.0
1870,,19,0.0
1871,,20,0.0
0,,0,0.0
1,,1,0.0
2,,2,0.0
3,,3,0.0
4,,4,0.0
5,,5,0.0
1872,,21,0.0
1873,,22,0.0
1874,,23,0.0
1875,2020-02-21,7,458.0
1876,,8,974.4166666666666
1877,,9,2178.0
1878,,10,4508.5
1879,,11,9940.416666666666
1880,,12,9757.666666666666
1881,,13,10976.54545454545
1882,,14,9703.5
1883,,15,7193.083333333333
1884,,16,3674.1
1885,,17,143.0
1886,,18,0.0
1887,,19,0.0
1888,,20,0.0
1889,,21,0.0
0,,0,0.0
1,,1,0.0
2,,2,0.0
3,,3,0.0
4,,4,0.0
5,,5,0.0
1890,,22,0.0
1891,,23,0.0
1892,2020-02-22,7,159.1428571428571
1893,,8,584.75
1894,,9,2033.75
1895,,10,5229.25
1896,,11,8738.916666666666
1897,,12,9853.333333333334
1898,,13,7830.545454545455
1899,,14,9700.0
1900,,15,6759.166666666667
1901,,16,1986.666666666667
1902,,17,192.1666666666667
1903,,18,0.0
1904,,19,0.0
1905,,20,0.0
1906,,21,0.0
1907,,22,0.0
0,,0,0.0
1,,1,0.0
2,,2,0.0
3,,3,0.0
4,,4,0.0
5,,5,0.0
1908,,23,0.0
1909,2020-02-23,7,123.0
1910,,8,372.9166666666667
1911,,9,520.0
1912,,10,1227.166666666667
1913,,11,1679.166666666667
1914,,12,1387.083333333333
1915,,13,1908.083333333333
1916,,14,1858.583333333333
1917,,15,1009.25
1918,,16,584.3333333333334
1919,,17,47.83333333333334
1920,,18,0.0
1921,,19,0.0
1922,,20,0.0
1923,,21,0.0
1924,,22,0.0
1925,,23,0.0
0,2020-02-24,0,0.0
1,,1,0.0
2,,2,0.0
3,,3,0.0
4,,4,0.0
5,,5,0.0
1926,,7,62.75
1927,,8,471.0
1928,,9,1230.666666666667
1929,,10,2615.25
1930,,11,3360.3
1931,,12,3099.090909090909
1932,,13,2469.9
1933,,14,1390.0
1934,,15,4370.833333333333
1935,,16,3625.0
1936,,17,380.1666666666667
1937,,18,0.0
1938,,19,0.0
1939,,20,0.0
1940,,21,0.0
1941,,22,0.0
1942,,23,0.0
1943,2020-02-25,7,167.5555555555555
0,,0,0.0
1,,1,0.0
2,,2,0.0
3,,3,0.0
4,,4,0.0
5,,5,0.0
1944,,8,642.6666666666666
1945,,9,1386.083333333333
1946,,10,2817.0
1947,,11,1997.333333333333
1948,,12,3855.666666666667
1949,,13,3014.363636363636
1950,,14,1873.0
1951,,15,1643.916666666667
1952,,16,483.8333333333333
1953,,17,59.08333333333334
1954,,18,0.0
1955,,19,0.0
1956,,20,0.0
1957,,21,0.0
1958,,22,0.0
1959,,23,0.0
1960,2020-02-26,7,341.0
1961,,8,789.3333333333334
0,,0,0.0
1,,1,0.0
2,,2,0.0
3,,3,0.0
4,,4,0.0
5,,5,0.0
1962,,9,2242.090909090909
1963,,14,2281.636363636364
1964,,15,2326.727272727273
1965,,16,2505.416666666667
1966,,17,146.5833333333333
1967,,18,0.0
1968,,19,0.0
1969,,20,0.0
1970,,21,0.0
1971,,22,0.0
1972,,23,0.0
1973,2020-02-27,8,158.0833333333333
1974,,9,649.25
1975,,10,5940.75
1976,,11,8938.333333333334
1977,,12,5782.5
1978,,13,3896.5
1979,,14,2048.909090909091
0,,0,0.0
1,,1,0.0
2,,2,0.0
3,,3,0.0
4,,4,0.0
5,,5,0.0
1980,,15,662.5
1981,,16,87.33333333333333
1982,,17,0.0
1983,,18,0.0
1984,,19,0.0
1985,,20,0.0
1986,,21,0.0
1987,,22,0.0
1988,,23,0.0
1989,2020-02-28,7,69.0
1990,,8,537.8333333333334
1991,,9,2014.666666666667
1992,,10,7003.333333333333
1993,,11,4200.583333333333
1994,,12,5972.25
1995,,13,3750.166666666667
1996,,14,2271.333333333333
1997,,15,895.25
0,,0,0.0
1,,1,0.0
2,,2,0.0
3,,3,0.0
4,,4,0.0
5,,5,0.0
1998,,16,615.9166666666666
1999,,17,550.5833333333334
2000,,18,0.0
2001,,19,0.0
2002,,20,0.0
2003,,21,0.0
2004,,22,0.0
2005,,23,0.0
2006,2020-03-01,6,0.0
2007,,7,147.25
2008,,8,674.9166666666666
2009,,9,1792.666666666667
2010,,10,5970.5
2011,,11,9042.416666666666
2012,,12,8394.083333333334
2013,,13,4257.3
2014,,14,3944.636363636364
2015,,15,3460.666666666667
0,,0,0.0
1,,1,0.0
2,,2,0.0
3,,3,0.0
4,,4,0.0
5,,5,0.0
2016,,16,1511.083333333333
2017,,17,363.9166666666667
2018,,18,0.0
2019,,19,0.0
2020,,20,0.0
2021,,21,0.0
2022,,22,0.0
2023,,23,0.0
2024,2020-03-02,7,225.9090909090909
2025,,8,874.0
2026,,9,2654.333333333333
2027,,10,5775.583333333333
2028,,11,7172.416666666667
2029,,12,4841.0
2030,,13,1669.166666666667
2031,,14,1861.916666666667
2032,,15,1203.0
2033,,16,644.8333333333334
0,,0,0.0
1,,1,0.0
2,,2,0.0
3,,3,0.0
4,,4,0.0
5,,5,0.0
2034,,17,154.25
2035,,18,0.0
2036,,19,0.0
2037,,20,0.0
2038,,21,0.0
2039,,22,0.0
2040,,23,0.0
2041,2020-03-03,7,441.875
2042,,8,585.0833333333334
2043,,9,1129.166666666667
2044,,10,2156.083333333333
2045,,11,2779.583333333333
2046,,12,1904.833333333333
2047,,13,854.8333333333334
2048,,14,1845.083333333333
2049,,15,1061.666666666667
2050,,16,821.6666666666666
2051,,17,253.3636363636364
0,,0,0.0
1,,1,0.0
2,,2,0.0
3,,3,0.0
4,,4,0.0
5,,5,0.0
2052,,18,0.0
2053,,19,0.0
2054,,20,0.0
2055,,21,0.0
2056,,22,0.0
2057,,23,0.0
2058,2020-03-04,7,306.625
2059,,8,1579.5
2060,,9,3044.5
2061,,10,5813.333333333333
2062,,11,2278.666666666667
2063,,12,4857.416666666667
2064,,13,3098.083333333333
2065,,14,2257.666666666667
2066,,15,2286.090909090909
2067,,16,1013.583333333333
2068,,17,139.0833333333333
2069,,18,0.0
0,,0,0.0
1,,1,0.0
2,,2,0.0
3,,3,0.0
4,,4,0.0
5,,5,0.0
2070,,19,0.0
2071,,20,0.0
2072,,21,0.0
2073,,22,0.0
2074,,23,0.0
2075,2020-03-05,7,391.4166666666667
2076,,8,1013.083333333333
2077,,9,2461.083333333333
2078,,10,2974.083333333333
2079,,11,4491.083333333333
2080,,12,3732.833333333333
2081,,13,2391.083333333333
2082,,14,1919.666666666667
2083,,15,1034.083333333333
2084,,16,411.1666666666667
2085,,17,51.66666666666666
2086,,18,0.0
2087,,19,0.0
0,,0,0.0
1,,1,0.0
2,,2,0.0
3,,3,0.0
4,,4,0.0
5,,5,0.0
2088,,20,0.0
2089,,21,0.0
2090,,22,0.0
2091,,23,0.0
2092,2020-03-06,7,511.5833333333333
2093,,8,1155.333333333333
2094,,9,3406.083333333333
2095,,10,5260.0
2096,,11,4156.6
2097,,12,3239.5
2098,,13,5894.916666666667
2099,,14,6407.083333333333
2100,,15,2710.166666666667
2101,,16,807.5833333333334
2102,,17,107.5833333333333
2103,,18,0.0
2104,,19,0.0
2105,,20,0.0
0,,0,0.0
1,,1,0.0
2,,2,0.0
3,,3,0.0
4,,4,0.0
5,,5,0.0
2106,,21,0.0
2107,,22,0.0
2108,,23,0.0
2109,2020-03-07,6,96.0
2110,,7,420.25
2111,,8,1026.083333333333
2112,,9,1761.75
2113,,10,2286.5
2114,,11,3321.666666666667
2115,,12,4821.166666666667
2116,,13,5274.833333333333
2117,,14,1723.666666666667
2118,,15,1156.333333333333
2119,,16,442.5
2120,,17,236.5
2121,,18,0.0
2122,,19,0.0
2123,,20,0.0
0,,0,0.0
1,,1,0.0
2,,2,0.0
3,,3,0.0
4,,4,0.0
5,,5,0.0
2124,,21,0.0
2125,,22,0.0
2126,,23,0.0
2127,2020-03-08,6,108.5
2128,,7,428.3333333333333
2129,,8,1425.583333333333
2130,,9,3274.545454545455
2131,,10,7238.833333333333
2132,,11,9389.166666666666
2133,,12,9098.583333333334
2134,,13,11127.90909090909
2135,,14,10115.75
2136,,15,8061.818181818182
2137,,16,4031.083333333333
2138,,17,1013.083333333333
2139,,18,2.333333333333333
2140,,19,0.0
2141,,20,0.0
0,,0,0.0
1,,1,0.0
2,,2,0.0
3,,3,0.0
4,,4,0.0
5,,5,0.0
2142,,21,0.0
2143,,22,0.0
2144,,23,0.0
2145,2020-03-09,7,247.4444444444445
2146,,8,919.5
2147,,9,1490.0
2148,,10,1458.166666666667
2149,,11,1642.333333333333
2150,,12,2645.416666666667
2151,,13,3677.083333333333
2152,,14,5776.833333333333
2153,,15,2963.166666666667
2154,,16,2408.25
2155,,17,542.25
2156,,18,5.166666666666667
2157,,19,0.0
2158,,20,0.0
2159,,21,0.0
0,,0,0.0
1,,1,0.0
2,,2,0.0
3,,3,0.0
4,,4,0.0
5,,5,0.0
2160,,22,0.0
2161,,23,0.0
2162,2020-03-10,6,47.5
2163,,7,212.6666666666667
2164,,8,479.6666666666667
2165,,9,853.4166666666666
2166,,10,1412.5
2167,,11,1600.75
2168,,12,1977.833333333333
2169,,13,1584.0
2170,,14,1314.583333333333
2171,,15,794.5833333333334
2172,,16,282.0833333333333
2173,,17,66.54545454545455
2174,,18,0.0
2175,,19,0.0
2176,,20,0.0
2177,,21,0.0
0,,0,0.0
1,,1,0.0
2,,2,0.0
3,,3,0.0
4,,4,0.0
5,,5,0.0
2178,,22,0.0
2179,,23,0.0
2180,2020-03-11,6,112.0
2181,,7,588.0
2182,,8,1984.166666666667
2183,,9,3471.75
2184,,10,3447.833333333333
2185,,11,6106.166666666667
2186,,12,4140.5
2187,,13,1975.727272727273
2188,,14,1555.25
2189,,15,1202.833333333333
2190,,16,1236.916666666667
2191,,17,506.75
2192,,18,9.416666666666666
2193,,19,0.0
2194,,20,0.0
2195,,21,0.0
0,,0,0.0
1,,1,0.0
2,,2,0.0
3,,3,0.0
4,,4,0.0
5,,5,0.0
2196,,22,0.0
2197,,23,0.0
2198,2020-03-12,6,135.6666666666667
2199,,7,549.0833333333334
2200,,8,1585.5
2201,,9,3569.75
2202,,10,5072.0
2203,,11,4465.666666666667
2204,,12,4210.833333333333
2205,,13,4898.0
2206,,14,8407.833333333334
2207,,15,4818.583333333333
2208,,16,2578.25
2209,,17,914.4166666666666
2210,,18,5.583333333333333
2211,,19,0.0
2212,,20,0.0
2213,,21,0.0
0,,0,0.0
1,,1,0.0
2,,2,0.0
3,,3,0.0
4,,4,0.0
5,,5,0.0
2214,,22,0.0
2215,,23,0.0
2216,2020-03-13,7,48.8
2217,,8,505.1666666666667
2218,,9,1077.833333333333
2219,,10,2474.166666666667
2220,,11,6725.916666666667
2221,,12,6442.333333333333
2222,,13,11395.08333333333
2223,,14,10068.08333333333
2224,,15,8716.833333333334
2225,,16,5645.75
2226,,17,1464.833333333333
2227,,18,15.66666666666667
2228,,19,0.0
2229,,20,0.0
2230,,21,0.0
2231,,22,0.0
0,,0,0.0
1,,1,0.0
2,,2,0.0
3,,3,0.0
4,,4,0.0
5,,5,0.0
2232,,23,0.0
2233,2020-03-14,6,180.8
2234,,7,835.0833333333334
2235,,8,2531.666666666667
2236,,9,4218.333333333333
2237,,10,7067.0
2238,,11,6950.75
2239,,12,6752.583333333333
2240,,13,6104.25
2241,,14,7177.916666666667
2242,,15,3847.0
2243,,16,2883.583333333333
2244,,17,504.25
2245,,18,26.16666666666667
2246,,19,0.0
2247,,20,0.0
2248,,21,0.0
2249,,22,0.0
0,,0,0.0
1,,1,0.0
2,,2,0.0
3,,3,0.0
4,,4,0.0
5,,5,0.0
2250,,23,0.0
2251,2020-03-15,6,155.0
2252,,7,563.8333333333334
2253,,8,1833.083333333333
2254,,9,4238.416666666667
2255,,10,8483.75
2256,,11,11105.58333333333
2257,,12,11586.16666666667
2258,,13,11402.58333333333
2259,,14,10354.0
2260,,15,8247.5
2261,,16,5023.166666666667
2262,,17,1056.25
2263,,18,30.0
2264,,19,0.0
2265,,20,0.0
2266,,21,0.0
2267,,22,0.0
0,,0,0.0
1,,1,0.0
2,,2,0.0
3,,3,0.0
4,,4,0.0
5,,5,0.0
2268,,23,0.0
2269,2020-03-16,6,128.5
2270,,7,473.75
2271,,8,1748.333333333333
2272,,9,4088.0
2273,,10,8070.666666666667
2274,,11,10558.16666666667
2275,,12,11024.41666666667
2276,,13,10868.58333333333
2277,,14,9835.25
2278,,15,8073.416666666667
2279,,16,5433.75
2280,,17,1765.416666666667
2281,,18,43.41666666666666
2282,,19,0.0
2283,,20,0.0
2284,,21,0.0
2285,,22,0.0
0,,0,0.0
1,,1,0.0
2,,2,0.0
3,,3,0.0
4,,4,0.0
5,,5,0.0
2286,,23,0.0
2287,2020-03-17,6,95.0
2288,,7,458.75
2289,,8,1459.5
2290,,9,3209.75
2291,,10,4987.0
2292,,11,3760.333333333333
2293,,12,2652.75
2294,,13,1479.0
2295,,14,1709.166666666667
2296,,15,1584.25
2297,,16,934.0833333333334
2298,,17,267.0
2299,,18,4.916666666666667
2300,,19,0.0
2301,,20,0.0
2302,,21,0.0
2303,,22,0.0
0,,0,0.0
1,,1,0.0
2,,2,0.0
3,,3,0.0
4,,4,0.0
5,,5,0.0
2304,,23,0.0
2305,2020-03-18,6,170.3333333333333
2306,,7,791.4166666666666
2307,,8,2074.333333333333
2308,,9,4400.333333333333
2309,,10,8215.75
2310,,11,10482.0
2311,,12,8248.333333333334
2312,,13,10927.66666666667
2313,,14,8370.166666666666
2314,,15,8058.222222222223
2315,,16,5056.0
2316,,17,1490.583333333333
2317,,18,41.58333333333334
2318,,19,0.0
2319,,20,0.0
2320,,21,0.0
2321,,22,0.0
0,,0,0.0
1,,1,0.0
2,,2,0.0
3,,3,0.0
4,,4,0.0
5,,5,0.0
2322,,23,0.0
2323,2020-03-19,6,207.3333333333333
2324,,7,696.1666666666666
2325,,8,2243.333333333333
2326,,9,4596.583333333333
2327,,10,8194.75
2328,,11,10546.5
2329,,12,10994.25
2330,,13,10751.66666666667
2331,,14,9760.666666666666
2332,,15,7797.666666666667
2333,,16,5026.166666666667
2334,,17,1479.083333333333
2335,,18,49.6
2336,,19,0.0
2337,,20,0.0
2338,,21,0.0
2339,,22,0.0
0,,0,0.0
1,,1,0.0
2,,2,0.0
3,,3,0.0
4,,4,0.0
5,,5,0.0
2340,,23,0.0
2341,2020-03-20,6,226.0
2342,,7,958.8333333333334
2343,,8,2624.5
2344,,9,4858.833333333333
2345,,10,6876.75
2346,,11,10351.08333333333
2347,,12,10376.83333333333
2348,,13,10009.75
2349,,14,9435.90909090909
2350,,15,7737.916666666667
2351,,16,5073.0
2352,,17,1637.416666666667
2353,,18,52.90909090909091
2354,,19,0.0
2355,,20,0.0
2356,,21,0.0
2357,,22,0.0
0,,0,0.0
1,,1,0.0
2,,2,0.0
3,,3,0.0
4,,4,0.0
5,,5,0.0
2358,,23,0.0
2359,2020-03-21,7,72.45454545454545
2360,,8,198.5
2361,,9,566.25
2362,,10,747.6666666666666
2363,,11,665.6666666666666
2364,,12,2014.083333333333
2365,,13,1801.416666666667
2366,,14,1367.916666666667
2367,,15,1009.916666666667
2368,,16,436.0
2369,,17,178.0833333333333
2370,,18,0.0
2371,,19,0.0
2372,,20,0.0
2373,,21,0.0
2374,,22,0.0
2375,,23,0.0
0,2020-03-22,0,0.0
1,,1,0.0
2,,2,0.0
3,,3,0.0
4,,4,0.0
5,,5,0.0
2376,,6,48.33333333333334
2377,,7,189.8333333333333
2378,,8,674.5
2379,,9,2148.25
2380,,10,7938.083333333333
2381,,11,12176.75
2382,,12,12714.33333333333
2383,,13,12082.16666666667
2384,,14,11077.25
2385,,15,9142.0
2386,,16,6029.083333333333
2387,,17,2100.916666666667
2388,,18,92.9090909090909
2389,,19,0.0
2390,,20,0.0
2391,,21,0.0
2392,,22,0.0
2393,,23,0.0
0,2020-03-23,0,0.0
1,,1,0.0
2,,2,0.0
3,,3,0.0
4,,4,0.0
5,,5,0.0
2394,,6,260.1666666666667
2395,,7,675.3333333333334
2396,,8,2711.583333333333
2397,,9,5664.333333333333
2398,,10,9762.75
2399,,11,12185.16666666667
2400,,12,12640.33333333333
2401,,13,12390.5
2402,,14,11099.33333333333
2403,,15,9126.0
2404,,16,6057.25
2405,,17,2054.5
2406,,18,85.2
2407,,19,0.0
2408,,20,0.0
2409,,21,0.0
2410,,22,0.0
2411,,23,0.0
0,2020-03-24,0,0.0
1,,1,0.0
2,,2,0.0
3,,3,0.0
4,,4,0.0
5,,5,0.0
2412,,6,238.2222222222222
2413,,7,792.6666666666666
2414,,8,2844.916666666667
2415,,9,5653.833333333333
2416,,10,9456.666666666666
2417,,11,11855.0
2418,,12,12174.16666666667
2419,,13,11814.5
2420,,14,10533.25
2421,,15,8620.75
2422,,16,5622.666666666667
2423,,17,1877.416666666667
2424,,18,91.36363636363636
2425,,19,0.0
2426,,20,0.0
2427,,21,0.0
2428,,22,0.0
2429,,23,0.0
0,2020-03-25,0,0.0
1,,1,0.0
2,,2,0.0
3,,3,0.0
4,,4,0.0
5,,5,0.0
2430,,6,224.75
2431,,7,705.0909090909091
2432,,8,2775.083333333333
2433,,9,5716.75
2434,,10,9598.25
2435,,11,11987.08333333333
2436,,12,12526.58333333333
2437,,13,12314.41666666667
2438,,14,11316.08333333333
2439,,15,8991.75
2440,,16,6318.875
2441,,17,2064.090909090909
2442,,18,129.3333333333333
2443,,19,0.0
2444,,20,0.0
2445,,21,0.0
2446,,22,0.0
2447,,23,0.0
0,2020-03-26,0,0.0
1,,1,0.0
2,,2,0.0
3,,3,0.0
4,,4,0.0
5,,5,0.0
2448,,6,276.0
2449,,7,949.3333333333334
2450,,8,1997.0
2451,,9,3822.5
2452,,10,4517.25
2453,,11,5032.333333333333
2454,,12,6988.25
2455,,13,5445.25
2456,,14,6597.75
2457,,15,6947.416666666667
2458,,16,1685.3
2459,,17,783.3636363636364
2460,,18,58.83333333333334
2461,,19,0.0
2462,,20,0.0
2463,,21,0.0
2464,,22,0.0
2465,,23,0.0
0,2020-03-27,0,0.0
1,,1,0.0
2,,2,0.0
3,,3,0.0
4,,4,0.0
5,,5,0.0
2466,,6,246.4444444444445
2467,,7,841.25
2468,,8,2919.0
2469,,9,5950.166666666667
2470,,10,9177.25
2471,,11,9825.833333333334
2472,,12,11165.66666666667
2473,,13,10962.58333333333
2474,,14,10358.83333333333
2475,,15,8763.916666666666
2476,,16,6808.75
2477,,17,1351.833333333333
2478,,18,85.66666666666667
2479,,19,0.0
2480,,20,0.0
2481,,21,0.0
2482,,22,0.0
2483,,23,0.0
0,2020-03-28,0,0.0
1,,1,0.0
2,,2,0.0
3,,3,0.0
4,,4,0.0
5,,5,0.0
2484,,6,330.4
2485,,7,1062.833333333333
2486,,8,3252.416666666667
2487,,9,5939.416666666667
2488,,10,9267.333333333334
2489,,11,11086.25
2490,,12,11431.0
2491,,13,10999.25
2492,,14,9990.25
2493,,15,8135.416666666667
2494,,16,5338.5
2495,,17,1921.833333333333
2496,,18,117.0
2497,,19,0.0
2498,,20,0.0
2499,,21,0.0
2500,,22,0.0
2501,,23,0.0
0,2020-03-29,0,0.0
1,,1,0.0
2,,2,0.0
3,,3,0.0
4,,4,0.0
5,,5,0.0
2502,,7,220.0
2503,,8,1145.75
2504,,9,3258.583333333333
2505,,10,4732.666666666667
2506,,11,3992.833333333333
2507,,12,3449.916666666667
2508,,13,4302.416666666667
2509,,14,2518.625
2510,,15,2935.333333333333
2511,,16,1734.416666666667
2512,,17,1384.583333333333
2513,,18,530.3333333333334
2514,,19,50.25
2515,,20,0.0
2516,,21,0.0
2517,,22,0.0
2518,,23,0.0
2519,2020-03-30,7,95.9
0,,0,0.0
1,,1,0.0
2,,2,0.0
3,,3,0.0
4,,4,0.0
5,,5,0.0
2520,,8,312.0
2521,,9,793.6363636363636
2522,,10,2431.583333333333
2523,,11,3827.25
2524,,12,4753.833333333333
2525,,13,4660.583333333333
2526,,14,6430.5
2527,,15,7350.75
2528,,16,5596.5
2529,,17,5570.166666666667
2530,,18,2584.5
2531,,19,199.9166666666667
2532,,20,0.0
2533,,21,0.0
2534,,22,0.0
2535,,23,0.0
2536,2020-03-31,7,321.6
2537,,8,1215.916666666667
0,,0,0.0
1,,1,0.0
2,,2,0.0
3,,3,0.0
4,,4,0.0
5,,5,0.0
2538,,9,3547.0
2539,,10,6454.166666666667
2540,,11,9566.75
2541,,12,6126.166666666667
2542,,13,8713.727272727272
2543,,14,6046.375
2544,,15,6000.181818181818
2545,,16,5665.090909090909
2546,,17,6123.727272727273
2547,,18,434.9090909090909
2548,,19,173.2727272727273
2549,,20,0.0
2550,,21,0.0
2551,,22,0.0
2552,,23,0.0
2553,2020-04-01,7,312.6363636363636
2554,,8,1165.75
2555,,9,3715.333333333333
0,,0,0.0
1,,1,0.0
2,,2,0.0
3,,3,0.0
4,,4,0.0
5,,5,0.0
2556,,10,6511.083333333333
2557,,11,10115.08333333333
2558,,12,12073.0
2559,,13,12312.33333333333
2560,,14,12006.25
2561,,15,10954.16666666667
2562,,16,8945.25
2563,,17,6100.416666666667
2564,,18,2530.916666666667
2565,,19,192.0833333333333
2566,,20,0.0
2567,,21,0.0
2568,,22,0.0
2569,,23,0.0
2570,2020-04-02,7,299.3333333333333
2571,,8,1258.333333333333
2572,,9,3728.666666666667
2573,,10,6601.416666666667
0,,0,0.0
1,,1,0.0
2,,2,0.0
3,,3,0.0
4,,4,0.0
5,,5,0.0
2574,,11,10058.91666666667
2575,,12,11560.33333333333
2576,,13,11838.33333333333
2577,,14,11537.91666666667
2578,,15,10552.83333333333
2579,,16,8750.0
2580,,17,5883.666666666667
2581,,18,2367.5
2582,,19,193.0
2583,,20,0.0
2584,,21,0.0
2585,,22,0.0
2586,,23,0.0
2587,2020-04-03,7,329.3
2588,,8,1410.833333333333
2589,,9,3838.333333333333
2590,,10,6531.833333333333
2591,,11,9833.333333333334
0,,0,0.0
1,,1,0.0
2,,2,0.0
3,,3,0.0
4,,4,0.0
5,,5,0.0
2592,,12,11628.83333333333
2593,,13,10472.75
2594,,14,9937.416666666666
2595,,15,10378.25
2596,,16,8536.333333333334
2597,,17,4916.333333333333
2598,,18,2264.25
2599,,19,189.25
2600,,20,0.0
2601,,21,0.0
2602,,22,0.0
2603,,23,0.0
2604,2020-04-04,6,70.0
2605,,7,429.4166666666667
2606,,8,1479.416666666667
2607,,9,3856.333333333333
2608,,10,6658.833333333333
2609,,11,9931.916666666666
0,,0,0.0
1,,1,0.0
2,,2,0.0
3,,3,0.0
4,,4,0.0
5,,5,0.0
2610,,12,11660.75
2611,,13,10071.83333333333
2612,,14,11340.16666666667
2613,,15,10001.33333333333
2614,,16,8653.666666666666
2615,,17,5810.75
2616,,18,2724.222222222222
2617,,19,205.0833333333333
2618,,20,0.0
2619,,21,0.0
2620,,22,0.0
2621,,23,0.0
2622,2020-04-05,6,73.5
2623,,7,354.0
2624,,8,1442.583333333333
2625,,9,4093.75
2626,,10,7011.75
2627,,11,10290.16666666667
0,,0,0.0
1,,1,0.0
2,,2,0.0
3,,3,0.0
4,,4,0.0
5,,5,0.0
2628,,12,11820.91666666667
2629,,13,11909.75
2630,,14,11851.5
2631,,15,10759.5
2632,,16,8929.416666666666
2633,,17,6010.583333333333
2634,,18,2428.833333333333
2635,,19,195.0833333333333
2636,,20,0.0
2637,,21,0.0
2638,,22,0.0
2639,,23,0.0
2640,2020-04-06,6,90.5
2641,,7,370.5833333333333
2642,,8,1501.666666666667
2643,,9,4123.333333333333
2644,,10,6956.583333333333
2645,,11,10045.5
0,,0,0.0
1,,1,0.0
2,,2,0.0
3,,3,0.0
4,,4,0.0
5,,5,0.0
2646,,12,11323.33333333333
2647,,13,11408.66666666667
2648,,14,10943.63636363636
2649,,15,9993.416666666666
2650,,16,8175.75
2651,,17,5667.166666666667
2652,,18,2387.75
2653,,19,327.0
2654,,20,0.0
2655,,21,0.0
2656,,22,0.0
2657,,23,0.0
2658,2020-04-07,6,78.0
2659,,7,350.75
2660,,8,1437.333333333333
2661,,9,3890.583333333333
2662,,10,6667.583333333333
2663,,11,9564.25
0,,0,0.0
1,,1,0.0
2,,2,0.0
3,,3,0.0
4,,4,0.0
5,,5,0.0
2664,,12,10835.5
2665,,13,11283.66666666667
2666,,14,10888.75
2667,,15,9967.333333333334
2668,,16,8336.083333333334
2669,,17,5664.166666666667
2670,,18,2410.583333333333
2671,,19,317.7272727272727
2672,,20,0.0
2673,,21,0.0
2674,,22,0.0
2675,,23,0.0
2676,2020-04-08,6,89.5
2677,,7,342.9166666666667
2678,,8,1406.25
2679,,9,4012.0
2680,,10,6911.583333333333
2681,,11,9801.333333333334
0,,0,0.0
1,,1,0.0
2,,2,0.0
3,,3,0.0
4,,4,0.0
5,,5,0.0
2682,,12,10833.58333333333
2683,,13,11312.08333333333
2684,,14,10727.91666666667
2685,,15,9876.333333333334
2686,,16,8021.416666666667
2687,,17,5543.5
2688,,18,2278.25
2689,,19,446.4285714285714
2690,,23,0.0
2691,2020-04-09,6,86.66666666666667
2692,,7,484.3333333333333
2693,,8,1835.5
2694,,9,4116.833333333333
2695,,10,6891.333333333333
2696,,11,9462.181818181818
2697,,12,10782.6
2698,,13,11181.8
2699,,14,11165.3
0,,0,0.0
1,,1,0.0
2,,2,0.0
3,,3,0.0
4,,4,0.0
5,,5,0.0
2700,,15,9935.1
2701,,16,8221.636363636364
2702,,17,5611.090909090909
2703,,18,2400.833333333333
2704,,19,414.6363636363636
2705,,20,0.0
2706,,21,0.0
2707,,22,0.0
2708,,23,0.0
2709,2020-04-10,6,109.0
2710,,7,471.4166666666667
2711,,8,1648.833333333333
2712,,9,4151.416666666667
2713,,10,6963.416666666667
2714,,11,9580.454545454546
2715,,12,10939.08333333333
2716,,13,11081.25
2717,,14,10674.41666666667
0,,0,0.0
1,,1,0.0
2,,2,0.0
3,,3,0.0
4,,4,0.0
5,,5,0.0
2718,,15,9489.5
2719,,16,7633.0
2720,,17,5245.083333333333
2721,,18,2176.5
2722,,19,334.1818181818182
2723,,20,0.0
2724,,21,0.0
2725,,22,0.0
2726,,23,0.0
2727,2020-04-11,6,137.75
2728,,7,459.75
2729,,8,1729.166666666667
2730,,9,4434.0
2731,,10,6902.25
2732,,11,9718.181818181818
2733,,12,10942.41666666667
2734,,13,11226.83333333333
2735,,14,10685.91666666667
0,,0,0.0
1,,1,0.0
2,,2,0.0
3,,3,0.0
4,,4,0.0
5,,5,0.0
2736,,15,8806.333333333334
2737,,16,8969.0
2738,,17,5806.090909090909
2739,,18,2340.083333333333
2740,,19,317.4545454545454
2741,,20,0.0
2742,,21,0.0
2743,,22,0.0
2744,,23,0.0
2745,2020-04-12,6,94.5
2746,,7,400.6363636363636
2747,,8,1562.083333333333
2748,,9,4164.583333333333
2749,,10,7007.5
2750,,11,9682.0
2751,,12,10838.66666666667
2752,,13,9563.833333333334
2753,,14,9312.666666666666
0,,0,0.0
1,,1,0.0
2,,2,0.0
3,,3,0.0
4,,4,0.0
5,,5,0.0
2754,,15,8691.75
2755,,16,5438.333333333333
2756,,17,4398.166666666667
2757,,18,2388.75
2758,,19,399.9090909090909
2759,,20,1.333333333333333
2760,,21,0.0
2761,,22,0.0
2762,,23,0.0
2763,2020-04-13,6,106.6666666666667
2764,,7,595.0
2765,,8,1910.0
2766,,9,3283.333333333333
2767,,10,5898.166666666667
2768,,11,9173.416666666666
2769,,12,10654.5
2770,,13,11378.5
2771,,14,8727.416666666666
0,,0,0.0
1,,1,0.0
2,,2,0.0
3,,3,0.0
4,,4,0.0
5,,5,0.0
2772,,15,4197.727272727273
2773,,16,6745.416666666667
2774,,17,4202.916666666667
2775,,18,1962.833333333333
2776,,19,208.0
2777,,20,0.0
2778,,21,0.0
2779,,22,0.0
2780,,23,0.0
2781,2020-04-14,6,156.75
2782,,7,544.5
2783,,8,1815.833333333333
2784,,9,3562.25
2785,,10,7259.5
2786,,11,7716.75
2787,,12,5751.0
2788,,13,6682.833333333333
2789,,14,7844.833333333333
0,,0,0.0
1,,1,0.0
2,,2,0.0
3,,3,0.0
4,,4,0.0
5,,5,0.0
2790,,15,6982.25
2791,,16,6791.916666666667
2792,,17,6398.5
2793,,18,2680.083333333333
2794,,19,389.0833333333333
2795,,20,0.0
2796,,21,0.0
2797,,22,0.0
2798,,23,0.0
2799,2020-04-15,6,202.6
2800,,7,753.3333333333334
2801,,8,1899.333333333333
2802,,9,4901.083333333333
2803,,10,7673.083333333333
2804,,11,9935.363636363636
2805,,12,11599.6
2806,,13,11806.0
2807,,14,11544.8
0,,0,0.0
1,,1,0.0
2,,2,0.0
3,,3,0.0
4,,4,0.0
5,,5,0.0
2808,,15,10610.2
2809,,16,8964.1
2810,,17,6442.888888888889
2811,,18,3145.555555555556
2812,,19,503.2222222222222
2813,,20,0.0
2814,,21,0.0
2815,,22,0.0
2816,,23,0.0
2817,2020-04-16,6,124.2
2818,,7,379.0
2819,,8,1692.916666666667
2820,,9,4555.5
2821,,10,7514.083333333333
2822,,11,9951.333333333334
2823,,12,10970.66666666667
2824,,13,11241.27272727273
2825,,14,10795.5
0,,0,0.0
1,,1,0.0
2,,2,0.0
3,,3,0.0
4,,4,0.0
5,,5,0.0
2826,,15,9041.5
2827,,16,6875.083333333333
2828,,17,4846.5
2829,,18,2380.916666666667
2830,,19,499.9166666666667
2831,,20,2.166666666666667
2832,,21,0.0
2833,,22,0.0
2834,,23,0.0
2835,2020-04-17,6,111.2
2836,,7,584.3333333333334
2837,,8,1900.916666666667
2838,,9,4152.181818181818
2839,,10,7153.083333333333
2840,,11,9167.583333333334
2841,,12,10592.5
2842,,13,10644.5
2843,,14,9938.333333333334
0,,0,0.0
1,,1,0.0
2,,2,0.0
3,,3,0.0
4,,4,0.0
5,,5,0.0
2844,,15,8706.166666666666
2845,,16,7863.75
2846,,17,5070.166666666667
2847,,18,1586.833333333333
2848,,19,368.3333333333333
2849,,20,0.0
2850,,21,0.0
2851,,22,0.0
2852,,23,0.0
2853,2020-04-18,6,211.3333333333333
2854,,7,981.0833333333334
2855,,8,2073.166666666667
2856,,9,4019.583333333333
2857,,10,6895.0
2858,,11,9549.166666666666
2859,,12,9136.666666666666
2860,,13,8939.818181818182
2861,,14,8921.0
0,,0,0.0
1,,1,0.0
2,,2,0.0
3,,3,0.0
4,,4,0.0
5,,5,0.0
2862,,15,6918.75
2863,,16,7172.0
2864,,17,1046.666666666667
2865,,18,1219.583333333333
2866,,19,367.1
2867,,20,0.0
2868,,21,0.0
2869,,22,0.0
2870,,23,0.0
2871,2020-04-19,6,168.7142857142857
2872,,7,514.5833333333334
2873,,8,1780.916666666667
2874,,9,4444.083333333333
2875,,10,7056.25
2876,,11,9389.416666666666
2877,,12,7920.75
2878,,13,9323.583333333334
2879,,14,9795.666666666666
0,,0,0.0
1,,1,0.0
2,,2,0.0
3,,3,0.0
4,,4,0.0
5,,5,0.0
2880,,15,10552.33333333333
2881,,16,8686.083333333334
2882,,17,5804.636363636364
2883,,18,2649.833333333333
2884,,19,540.75
2885,,20,6.0
2886,,21,0.0
2887,,22,0.0
2888,,23,0.0
2889,2020-04-20,6,220.1428571428571
2890,,7,910.4166666666666
2891,,8,2483.727272727273
2892,,9,5261.416666666667
2893,,10,7896.25
2894,,11,10693.33333333333
2895,,12,10224.25
2896,,13,8233.0
2897,,14,10603.66666666667
0,,0,0.0
1,,1,0.0
2,,2,0.0
3,,3,0.0
4,,4,0.0
5,,5,0.0
2898,,15,10968.83333333333
2899,,16,9097.583333333334
2900,,17,5887.454545454545
2901,,18,2496.25
2902,,19,449.4545454545454
2903,,20,5.083333333333333
2904,,21,0.0
2905,,22,0.0
2906,,23,0.0
2907,2020-04-21,6,236.125
2908,,7,856.8333333333334
2909,,8,2448.166666666667
2910,,9,4916.363636363636
2911,,10,6912.5
2912,,11,9951.166666666666
2913,,12,11504.41666666667
2914,,13,12155.41666666667
2915,,14,11863.33333333333
